Name,activation,optimizer,is_sparse,is_norm,is_gray,loss,accuracy,dropout,l1,l2,loss_validation,accuracy_validation
elu_adadelta_0.0001_categorical_crossentropy_5000_200,elu,adadelta,False,False,False,2.3776063919067383,0.10119999945163727,0,False,False,2.3745968341827393,0.09520000219345093
elu_adadelta_0.0001_categorical_crossentropy_5000_200_gray,elu,adadelta,False,False,True,194.04147338867188,0.1006999984383583,0,False,False,196.37649536132812,0.09769999980926514
elu_adadelta_0.0001_categorical_crossentropy_5000_200_gray_norm,elu,adadelta,False,True,True,2.3298158645629883,0.1012749969959259,0,False,False,2.333526611328125,0.0957999974489212
elu_adagrad_0.0001_categorical_crossentropy_5000_200,elu,adagrad,False,False,False,2.3813483715057373,0.10050000250339508,0,False,False,2.3742270469665527,0.09790000319480896
elu_adagrad_0.0001_categorical_crossentropy_5000_200_gray,elu,adagrad,False,False,True,2.8285117149353027,0.09972500056028366,0,False,False,2.784623146057129,0.10289999842643738
elu_adagrad_0.0001_categorical_crossentropy_5000_200_gray_norm,elu,adagrad,False,True,True,2.3068222999572754,0.10289999842643738,0,False,False,2.3068604469299316,0.10700000077486038
elu_adamax_0.0001_categorical_crossentropy_5000_200,elu,adamax,False,False,False,2.3240370750427246,0.09992499649524689,0,False,False,2.3257555961608887,0.10029999911785126
elu_adamax_0.0001_categorical_crossentropy_5000_200_gray,elu,adamax,False,False,True,2.3355419635772705,0.10052499920129776,0,False,False,2.341917037963867,0.09780000150203705
elu_adamax_0.0001_categorical_crossentropy_5000_200_gray_norm,elu,adamax,False,True,True,2.2928543090820312,0.10977499932050705,0,False,False,2.291792392730713,0.10949999839067459
elu_adam_0.0001_categorical_crossentropy_5000_200,elu,adam,False,False,False,2.3536317348480225,0.09992499649524689,0,False,False,2.3512983322143555,0.10029999911785126
elu_adam_0.0001_categorical_crossentropy_5000_200_gray,elu,adam,False,False,True,2.340186834335327,0.09937500208616257,0,False,False,2.3399906158447266,0.10249999910593033
elu_adam_0.0001_categorical_crossentropy_5000_200_gray_norm,elu,adam,False,True,True,2.216878652572632,0.15514999628067017,0,False,False,2.220562696456909,0.155799999833107
elu_ftrl_0.0001_categorical_crossentropy_5000_200,elu,ftrl,False,False,False,2.3127496242523193,0.0994499996304512,0,False,False,2.3114283084869385,0.10220000147819519
elu_ftrl_0.0001_categorical_crossentropy_5000_200_gray,elu,ftrl,False,False,True,2.330095052719116,0.09942500293254852,0,False,False,2.329557180404663,0.10260000079870224
elu_ftrl_0.0001_categorical_crossentropy_5000_200_gray_norm,elu,ftrl,False,True,True,2.3025243282318115,0.10119999945163727,0,False,False,2.302578926086426,0.09520000219345093
elu_nadam_0.0001_categorical_crossentropy_5000_200,elu,nadam,False,False,False,2.3343193531036377,0.0994499996304512,0,False,False,2.3351054191589355,0.10220000147819519
elu_nadam_0.0001_categorical_crossentropy_5000_200_gray,elu,nadam,False,False,True,2.315094470977783,0.09965000301599503,0,False,False,2.3171143531799316,0.10140000283718109
elu_nadam_0.0001_categorical_crossentropy_5000_200_gray_norm,elu,nadam,False,True,True,2.2812082767486572,0.1280750036239624,0,False,False,2.282691717147827,0.12759999930858612
elu_rmsprop_0.0001_categorical_crossentropy_5000_200,elu,rmsprop,False,False,False,2.307612419128418,0.0994499996304512,0,False,False,2.3087053298950195,0.10220000147819519
elu_rmsprop_0.0001_categorical_crossentropy_5000_200_gray,elu,rmsprop,False,False,True,2.3110039234161377,0.09962499886751175,0,False,False,2.311525821685791,0.10220000147819519
elu_rmsprop_0.0001_categorical_crossentropy_5000_200_gray_norm,elu,rmsprop,False,True,True,2.1940853595733643,0.1676499992609024,0,False,False,2.1953916549682617,0.17020000517368317
elu_sgd_0.0001_categorical_crossentropy_5000_200,elu,sgd,False,False,False,2.365121603012085,0.09965000301599503,0,False,False,2.366140842437744,0.10140000283718109
elu_sgd_0.0001_categorical_crossentropy_5000_200_gray,elu,sgd,False,False,True,2.3938839435577393,0.09965000301599503,0,False,False,2.3940799236297607,0.10130000114440918
elu_sgd_0.0001_categorical_crossentropy_5000_200_gray_norm,elu,sgd,False,True,True,2.2894577980041504,0.12082500010728836,0,False,False,2.289015054702759,0.1200999990105629
hard_sigmoid_adadelta_0.0001_categorical_crossentropy_5000_200,hard,sigmoid,False,False,False,2.30269455909729,0.10145000368356705,0,False,False,2.302513837814331,0.0949999988079071
hard_sigmoid_adadelta_0.0001_categorical_crossentropy_5000_200_gray,hard,sigmoid,False,False,True,2.406569480895996,0.09950000047683716,0,False,False,2.4074177742004395,0.10140000283718109
hard_sigmoid_adadelta_0.0001_categorical_crossentropy_5000_200_gray_norm,hard,sigmoid,False,True,True,2.3123831748962402,0.10050000250339508,0,False,False,2.3135528564453125,0.09799999743700027
hard_sigmoid_adagrad_0.0001_categorical_crossentropy_5000_200,hard,sigmoid,False,False,False,2.2718563079833984,0.11052499711513519,0,False,False,2.2754135131835938,0.10419999808073044
hard_sigmoid_adagrad_0.0001_categorical_crossentropy_5000_200_gray,hard,sigmoid,False,False,True,2.3032758235931396,0.10167499631643295,0,False,False,2.3027420043945312,0.09560000151395798
hard_sigmoid_adagrad_0.0001_categorical_crossentropy_5000_200_gray_norm,hard,sigmoid,False,True,True,2.2998132705688477,0.10022500157356262,0,False,False,2.300245761871338,0.10209999978542328
hard_sigmoid_adamax_0.0001_categorical_crossentropy_5000_200,hard,sigmoid,False,False,False,2.3025550842285156,0.10125000029802322,0,False,False,2.302824020385742,0.09520000219345093
hard_sigmoid_adamax_0.0001_categorical_crossentropy_5000_200_gray,hard,sigmoid,False,False,True,2.3030037879943848,0.10119999945163727,0,False,False,2.3028371334075928,0.09520000219345093
hard_sigmoid_adamax_0.0001_categorical_crossentropy_5000_200_gray_norm,hard,sigmoid,False,True,True,2.2879514694213867,0.10152500122785568,0,False,False,2.2879371643066406,0.10170000046491623
hard_sigmoid_adam_0.0001_categorical_crossentropy_5000_200,hard,sigmoid,False,False,False,2.30256986618042,0.10119999945163727,0,False,False,2.302703857421875,0.09520000219345093
hard_sigmoid_adam_0.0001_categorical_crossentropy_5000_200_gray,hard,sigmoid,False,False,True,2.2645020484924316,0.14532500505447388,0,False,False,2.266275405883789,0.1468999981880188
hard_sigmoid_adam_0.0001_categorical_crossentropy_5000_200_gray_norm,hard,sigmoid,False,True,True,2.2644059658050537,0.14792500436306,0,False,False,2.2655675411224365,0.1469999998807907
hard_sigmoid_ftrl_0.0001_categorical_crossentropy_5000_200,hard,sigmoid,False,False,False,2.3025758266448975,0.10119999945163727,0,False,False,2.302633285522461,0.09529999643564224
hard_sigmoid_ftrl_0.0001_categorical_crossentropy_5000_200_gray,hard,sigmoid,False,False,True,2.3025758266448975,0.10119999945163727,0,False,False,2.3026349544525146,0.09520000219345093
hard_sigmoid_ftrl_0.0001_categorical_crossentropy_5000_200_gray_norm,hard,sigmoid,False,True,True,2.302574634552002,0.10119999945163727,0,False,False,2.302643060684204,0.09520000219345093
hard_sigmoid_nadam_0.0001_categorical_crossentropy_5000_200,hard,sigmoid,False,False,False,2.2144336700439453,0.16392500698566437,0,False,False,2.218438148498535,0.16519999504089355
hard_sigmoid_nadam_0.0001_categorical_crossentropy_5000_200_gray,hard,sigmoid,False,False,True,2.279474973678589,0.11512500047683716,0,False,False,2.2810301780700684,0.11429999768733978
hard_sigmoid_nadam_0.0001_categorical_crossentropy_5000_200_gray_norm,hard,sigmoid,False,True,True,2.302555561065674,0.10109999775886536,0,False,False,2.3027660846710205,0.09520000219345093
hard_sigmoid_rmsprop_0.0001_categorical_crossentropy_5000_200,hard,sigmoid,False,False,False,2.327542781829834,0.10050000250339508,0,False,False,2.32973575592041,0.09790000319480896
hard_sigmoid_rmsprop_0.0001_categorical_crossentropy_5000_200_gray,hard,sigmoid,False,False,True,2.2702252864837646,0.14322499930858612,0,False,False,2.2715401649475098,0.14470000565052032
hard_sigmoid_rmsprop_0.0001_categorical_crossentropy_5000_200_gray_norm,hard,sigmoid,False,True,True,2.2493085861206055,0.15790000557899475,0,False,False,2.251598834991455,0.15800000727176666
hard_sigmoid_sgd_0.0001_categorical_crossentropy_5000_200,hard,sigmoid,False,False,False,2.302847385406494,0.10109999775886536,0,False,False,2.3028855323791504,0.09539999812841415
hard_sigmoid_sgd_0.0001_categorical_crossentropy_5000_200_gray,hard,sigmoid,False,False,True,2.30319881439209,0.09989999979734421,0,False,False,2.3025360107421875,0.10220000147819519
hard_sigmoid_sgd_0.0001_categorical_crossentropy_5000_200_gray_norm,hard,sigmoid,False,True,True,2.311509132385254,0.10057500004768372,0,False,False,2.311647891998291,0.09769999980926514
linear_adadelta_0.0001_categorical_crossentropy_5000_200,linear,adadelta,False,False,False,42.75265121459961,0.07412499934434891,0,False,False,42.258880615234375,0.07769999653100967
linear_adadelta_0.0001_categorical_crossentropy_5000_200_gray,linear,adadelta,False,False,True,65.76024627685547,0.10109999775886536,0,False,False,64.99678802490234,0.10000000149011612
linear_adadelta_0.0001_categorical_crossentropy_5000_200_gray_norm,linear,adadelta,False,True,True,2.295335054397583,0.12752500176429749,0,False,False,2.29437255859375,0.13109999895095825
linear_adadelta_0.0001_categorical_crossentropy_5000_200_norm,linear,adadelta,False,True,False,2.3162519931793213,0.08427499979734421,0,False,False,2.314317226409912,0.08550000190734863
linear_adagrad_0.0001_categorical_crossentropy_5000_200,linear,adagrad,False,False,False,16.05332374572754,0.11677499860525131,0,False,False,16.35434341430664,0.11479999870061874
linear_adagrad_0.0001_categorical_crossentropy_5000_200_gray,linear,adagrad,False,False,True,13.992003440856934,0.11375000327825546,0,False,False,13.934331893920898,0.11670000106096268
linear_adagrad_0.0001_categorical_crossentropy_5000_200_gray_norm,linear,adagrad,False,True,True,2.304077386856079,0.12052500247955322,0,False,False,2.3052616119384766,0.12330000102519989
linear_adagrad_0.0001_categorical_crossentropy_5000_200_norm,linear,adagrad,False,True,False,2.297750949859619,0.10382500290870667,0,False,False,2.2960264682769775,0.10689999908208847
linear_adamax_0.0001_categorical_crossentropy_5000_200,linear,adamax,False,False,False,10.015989303588867,0.11394999921321869,0,False,False,10.175567626953125,0.11259999871253967
linear_adamax_0.0001_categorical_crossentropy_5000_200_gray,linear,adamax,False,False,True,11.592666625976562,0.10442499816417694,0,False,False,11.486861228942871,0.10660000145435333
linear_adamax_0.0001_categorical_crossentropy_5000_200_gray_norm,linear,adamax,False,True,True,2.27923846244812,0.13472500443458557,0,False,False,2.2825493812561035,0.1289999932050705
linear_adamax_0.0001_categorical_crossentropy_5000_200_norm,linear,adamax,False,True,False,2.1067252159118652,0.1767749935388565,0,False,False,2.1171932220458984,0.17759999632835388
linear_adam_0.0001_categorical_crossentropy_5000_200,linear,adam,False,False,False,6.645352840423584,0.12532499432563782,0,False,False,6.980653762817383,0.12380000203847885
linear_adam_0.0001_categorical_crossentropy_5000_200_gray,linear,adam,False,False,True,7.345932483673096,0.10769999772310257,0,False,False,7.186766147613525,0.11339999735355377
linear_adam_0.0001_categorical_crossentropy_5000_200_gray_norm,linear,adam,False,True,True,2.257019281387329,0.1497499942779541,0,False,False,2.2600998878479004,0.14800000190734863
linear_adam_0.0001_categorical_crossentropy_5000_200_norm,linear,adam,False,True,False,2.1489651203155518,0.1925249993801117,0,False,False,2.155102014541626,0.1876000016927719
linear_ftrl_0.0001_categorical_crossentropy_5000_200,linear,ftrl,False,False,False,9.68653678894043,0.11962500214576721,0,False,False,9.659526824951172,0.11869999766349792
linear_ftrl_0.0001_categorical_crossentropy_5000_200_gray,linear,ftrl,False,False,True,9.499119758605957,0.10939999669790268,0,False,False,9.483129501342773,0.11180000007152557
linear_ftrl_0.0001_categorical_crossentropy_5000_200_gray_norm,linear,ftrl,False,True,True,2.3025636672973633,0.10119999945163727,0,False,False,2.302621841430664,0.09520000219345093
linear_ftrl_0.0001_categorical_crossentropy_5000_200_norm,linear,ftrl,False,True,False,2.298334836959839,0.09934999793767929,0,False,False,2.298097610473633,0.10140000283718109
linear_nadam_0.0001_categorical_crossentropy_5000_200,linear,nadam,False,False,False,8.508413314819336,0.105274997651577,0,False,False,8.682811737060547,0.10559999942779541
linear_nadam_0.0001_categorical_crossentropy_5000_200_gray,linear,nadam,False,False,True,8.898591041564941,0.10939999669790268,0,False,False,8.764044761657715,0.10909999907016754
linear_nadam_0.0001_categorical_crossentropy_5000_200_gray_norm,linear,nadam,False,True,True,2.2301809787750244,0.13847500085830688,0,False,False,2.2293081283569336,0.1412999927997589
linear_nadam_0.0001_categorical_crossentropy_5000_200_norm,linear,nadam,False,True,False,2.107921838760376,0.17282499372959137,0,False,False,2.1154351234436035,0.1688999980688095
linear_rmsprop_0.0001_categorical_crossentropy_5000_200,linear,rmsprop,False,False,False,6.339065074920654,0.12422499805688858,0,False,False,6.2958984375,0.12489999830722809
linear_rmsprop_0.0001_categorical_crossentropy_5000_200_gray,linear,rmsprop,False,False,True,10.214300155639648,0.10867500305175781,0,False,False,9.84715747833252,0.10429999977350235
linear_rmsprop_0.0001_categorical_crossentropy_5000_200_gray_norm,linear,rmsprop,False,True,True,2.2391135692596436,0.16362500190734863,0,False,False,2.2422351837158203,0.16249999403953552
linear_rmsprop_0.0001_categorical_crossentropy_5000_200_norm,linear,rmsprop,False,True,False,2.1389057636260986,0.15742500126361847,0,False,False,2.1450324058532715,0.15629999339580536
linear_sgd_0.0001_categorical_crossentropy_5000_200,linear,sgd,False,False,False,2.109739303588867,0.1701499968767166,0,False,False,2.1161322593688965,0.16979999840259552
linear_sgd_0.0001_categorical_crossentropy_5000_200_gray,linear,sgd,False,False,True,2.2108726501464844,0.15022499859333038,0,False,False,2.214282989501953,0.15489999949932098
linear_sgd_0.0001_categorical_crossentropy_5000_200_gray_norm,linear,sgd,False,True,True,2.2929112911224365,0.1182750016450882,0,False,False,2.295064687728882,0.11150000244379044
linear_sgd_0.0001_categorical_crossentropy_5000_200_norm,linear,sgd,False,True,False,2.3034839630126953,0.10907500237226486,0,False,False,2.3018527030944824,0.11469999700784683
relu_adadelta_0.0001_categorical_crossentropy_5000_200,relu,adadelta,False,False,False,3.645862579345703,0.10172499716281891,0,False,False,3.692376136779785,0.09480000287294388
relu_adadelta_0.0001_categorical_crossentropy_5000_200_gray,relu,adadelta,False,False,True,2.6415762901306152,0.10117500275373459,0,False,False,2.5984058380126953,0.09480000287294388
relu_adadelta_0.0001_categorical_crossentropy_5000_200_gray_norm,relu,adadelta,False,True,True,2.2989675998687744,0.11909999698400497,0,False,False,2.299386739730835,0.120899997651577
relu_adadelta_0.0001_categorical_crossentropy_5000_200_norm,relu,adadelta,False,True,False,2.3063459396362305,0.07657500356435776,0,False,False,2.306321859359741,0.07959999889135361
relu_adagrad_0.0001_categorical_crossentropy_5000_200,relu,adagrad,False,False,False,2.30344295501709,0.10117500275373459,0,False,False,2.3046927452087402,0.09529999643564224
relu_adagrad_0.0001_categorical_crossentropy_5000_200_gray,relu,adagrad,False,False,True,2.461312770843506,0.10147500038146973,0,False,False,2.4663095474243164,0.09489999711513519
relu_adagrad_0.0001_categorical_crossentropy_5000_200_gray_norm,relu,adagrad,False,True,True,2.302678108215332,0.1005999967455864,0,False,False,2.3023595809936523,0.0949999988079071
relu_adagrad_0.0001_categorical_crossentropy_5000_200_norm,relu,adagrad,False,True,False,2.297653913497925,0.09857500344514847,0,False,False,2.2997636795043945,0.0934000015258789
relu_adamax_0.0001_categorical_crossentropy_5000_200,relu,adamax,False,False,False,2.3060142993927,0.10119999945163727,0,False,False,2.3152732849121094,0.09520000219345093
relu_adamax_0.0001_categorical_crossentropy_5000_200_gray,relu,adamax,False,False,True,2.302741527557373,0.10119999945163727,0,False,False,2.304253101348877,0.09520000219345093
relu_adamax_0.0001_categorical_crossentropy_5000_200_gray_norm,relu,adamax,False,True,True,2.288759231567383,0.12487500160932541,0,False,False,2.2898669242858887,0.12630000710487366
relu_adamax_0.0001_categorical_crossentropy_5000_200_norm,relu,adamax,False,True,False,2.2810559272766113,0.1580750048160553,0,False,False,2.2831382751464844,0.15839999914169312
relu_adam_0.0001_categorical_crossentropy_5000_200,relu,adam,False,False,False,2.302570343017578,0.10119999945163727,0,False,False,2.302722454071045,0.09520000219345093
relu_adam_0.0001_categorical_crossentropy_5000_200_gray,relu,adam,False,False,True,2.30737042427063,0.10114999860525131,0,False,False,2.3060545921325684,0.09549999982118607
relu_adam_0.0001_categorical_crossentropy_5000_200_gray_norm,relu,adam,False,True,True,2.2794642448425293,0.12722499668598175,0,False,False,2.2817788124084473,0.12150000035762787
relu_adam_0.0001_categorical_crossentropy_5000_200_norm,relu,adam,False,True,False,2.199817180633545,0.16722500324249268,0,False,False,2.203274726867676,0.16099999845027924
relu_ftrl_0.0001_categorical_crossentropy_5000_200,relu,ftrl,False,False,False,2.302969217300415,0.10119999945163727,0,False,False,2.302668333053589,0.09510000050067902
relu_ftrl_0.0001_categorical_crossentropy_5000_200_gray,relu,ftrl,False,False,True,2.303110361099243,0.10117500275373459,0,False,False,2.302664279937744,0.09520000219345093
relu_ftrl_0.0001_categorical_crossentropy_5000_200_gray_norm,relu,ftrl,False,True,True,2.3025755882263184,0.10119999945163727,0,False,False,2.3026351928710938,0.09520000219345093
relu_ftrl_0.0001_categorical_crossentropy_5000_200_norm,relu,ftrl,False,True,False,2.3025758266448975,0.10119999945163727,0,False,False,2.3026347160339355,0.09520000219345093
relu_nadam_0.0001_categorical_crossentropy_5000_200,relu,nadam,False,False,False,2.3025705814361572,0.10119999945163727,0,False,False,2.305727243423462,0.09520000219345093
relu_nadam_0.0001_categorical_crossentropy_5000_200_gray,relu,nadam,False,False,True,2.307117462158203,0.10112500190734863,0,False,False,2.3073174953460693,0.09510000050067902
relu_nadam_0.0001_categorical_crossentropy_5000_200_gray_norm,relu,nadam,False,True,True,2.246093273162842,0.15434999763965607,0,False,False,2.2460951805114746,0.15389999747276306
relu_nadam_0.0001_categorical_crossentropy_5000_200_norm,relu,nadam,False,True,False,2.208555221557617,0.16899999976158142,0,False,False,2.2090964317321777,0.16820000112056732
relu_rmsprop_0.0001_categorical_crossentropy_5000_200,relu,rmsprop,False,False,False,2.3013057708740234,0.10175000131130219,0,False,False,2.3238635063171387,0.09570000320672989
relu_rmsprop_0.0001_categorical_crossentropy_5000_200_gray,relu,rmsprop,False,False,True,2.3025717735290527,0.10119999945163727,0,False,False,2.3027219772338867,0.09520000219345093
relu_rmsprop_0.0001_categorical_crossentropy_5000_200_gray_norm,relu,rmsprop,False,True,True,2.2527289390563965,0.16089999675750732,0,False,False,2.254988193511963,0.15870000422000885
relu_rmsprop_0.0001_categorical_crossentropy_5000_200_norm,relu,rmsprop,False,True,False,2.221303939819336,0.1712999939918518,0,False,False,2.2253575325012207,0.16899999976158142
relu_sgd_0.0001_categorical_crossentropy_5000_200,relu,sgd,False,False,False,2.302584409713745,0.10119999945163727,0,False,False,2.3025872707366943,0.09520000219345093
relu_sgd_0.0001_categorical_crossentropy_5000_200_gray,relu,sgd,False,False,True,2.303093910217285,0.10117500275373459,0,False,False,2.3025872707366943,0.09520000219345093
relu_sgd_0.0001_categorical_crossentropy_5000_200_gray_norm,relu,sgd,False,True,True,2.30300235748291,0.10130000114440918,0,False,False,2.3030598163604736,0.09520000219345093
relu_sgd_0.0001_categorical_crossentropy_5000_200_norm,relu,sgd,False,True,False,2.289332151412964,0.13099999725818634,0,False,False,2.288384437561035,0.13269999623298645
selu_adadelta_0.0001_categorical_crossentropy_5000_200,selu,adadelta,False,False,False,2.542968988418579,0.10239999741315842,0,False,False,2.5039801597595215,0.10339999943971634
selu_adadelta_0.0001_categorical_crossentropy_5000_200_gray,selu,adadelta,False,False,True,263.653076171875,0.09934999793767929,0,False,False,264.1986083984375,0.10249999910593033
selu_adadelta_0.0001_categorical_crossentropy_5000_200_gray_norm,selu,adadelta,False,True,True,2.317784309387207,0.08157499879598618,0,False,False,2.3192644119262695,0.08250000327825546
selu_adagrad_0.0001_categorical_crossentropy_5000_200,selu,adagrad,False,False,False,2.6080739498138428,0.09960000216960907,0,False,False,2.6204097270965576,0.10159999877214432
selu_adagrad_0.0001_categorical_crossentropy_5000_200_gray,selu,adagrad,False,False,True,2.731541872024536,0.0996749997138977,0,False,False,2.7379555702209473,0.09830000251531601
selu_adagrad_0.0001_categorical_crossentropy_5000_200_gray_norm,selu,adagrad,False,True,True,2.2990245819091797,0.11729999631643295,0,False,False,2.299201011657715,0.11789999902248383
selu_adamax_0.0001_categorical_crossentropy_5000_200,selu,adamax,False,False,False,2.4828240871429443,0.09962499886751175,0,False,False,2.4795615673065186,0.1023000031709671
selu_adamax_0.0001_categorical_crossentropy_5000_200_gray,selu,adamax,False,False,True,2.4278669357299805,0.09965000301599503,0,False,False,2.4266257286071777,0.10140000283718109
selu_adamax_0.0001_categorical_crossentropy_5000_200_gray_norm,selu,adamax,False,True,True,2.165067672729492,0.16294999420642853,0,False,False,2.166625499725342,0.164000004529953
selu_adam_0.0001_categorical_crossentropy_5000_200,selu,adam,False,False,False,2.433565616607666,0.09937500208616257,0,False,False,2.4372243881225586,0.10249999910593033
selu_adam_0.0001_categorical_crossentropy_5000_200_gray,selu,adam,False,False,True,2.38038969039917,0.09992499649524689,0,False,False,2.386690378189087,0.10029999911785126
selu_adam_0.0001_categorical_crossentropy_5000_200_gray_norm,selu,adam,False,True,True,2.249033212661743,0.11397500336170197,0,False,False,2.248508930206299,0.11219999939203262
selu_ftrl_0.0001_categorical_crossentropy_5000_200,selu,ftrl,False,False,False,2.4287338256835938,0.10052499920129776,0,False,False,2.43381929397583,0.09799999743700027
selu_ftrl_0.0001_categorical_crossentropy_5000_200_gray,selu,ftrl,False,False,True,2.602525234222412,0.0994499996304512,0,False,False,2.594433307647705,0.10220000147819519
selu_ftrl_0.0001_categorical_crossentropy_5000_200_gray_norm,selu,ftrl,False,True,True,2.300614356994629,0.10289999842643738,0,False,False,2.3005475997924805,0.10499999672174454
selu_nadam_0.0001_categorical_crossentropy_5000_200,selu,nadam,False,False,False,2.49126935005188,0.09965000301599503,0,False,False,2.484773635864258,0.10159999877214432
selu_nadam_0.0001_categorical_crossentropy_5000_200_gray,selu,nadam,False,False,True,2.4142723083496094,0.1004749983549118,0,False,False,2.4102659225463867,0.09769999980926514
selu_nadam_0.0001_categorical_crossentropy_5000_200_gray_norm,selu,nadam,False,True,True,2.269028902053833,0.15382499992847443,0,False,False,2.2714738845825195,0.15139999985694885
selu_rmsprop_0.0001_categorical_crossentropy_5000_200,selu,rmsprop,False,False,False,2.3462162017822266,0.10357499867677689,0,False,False,2.37205171585083,0.10249999910593033
selu_rmsprop_0.0001_categorical_crossentropy_5000_200_gray,selu,rmsprop,False,False,True,2.443488597869873,0.0994499996304512,0,False,False,2.4472315311431885,0.10220000147819519
selu_rmsprop_0.0001_categorical_crossentropy_5000_200_gray_norm,selu,rmsprop,False,True,True,2.208096742630005,0.17440000176429749,0,False,False,2.2098827362060547,0.17710000276565552
selu_sgd_0.0001_categorical_crossentropy_5000_200,selu,sgd,False,False,False,2.5279014110565186,0.09965000301599503,0,False,False,2.5153143405914307,0.10140000283718109
selu_sgd_0.0001_categorical_crossentropy_5000_200_gray,selu,sgd,False,False,True,2.5498440265655518,0.10125000029802322,0,False,False,2.5534515380859375,0.09520000219345093
selu_sgd_0.0001_categorical_crossentropy_5000_200_gray_norm,selu,sgd,False,True,True,2.3049685955047607,0.10760000348091125,0,False,False,2.3053207397460938,0.10849999636411667
sigmoid_adadelta_0.0001_categorical_crossentropy_5000_200,sigmoid,adadelta,False,False,False,2.320939540863037,0.10854999721050262,0,False,False,2.324040412902832,0.1005999967455864
sigmoid_adadelta_0.0001_categorical_crossentropy_5000_200_gray,sigmoid,adadelta,False,False,True,2.3886916637420654,0.10055000334978104,0,False,False,2.3879852294921875,0.09799999743700027
sigmoid_adadelta_0.0001_categorical_crossentropy_5000_200_gray_norm,sigmoid,adadelta,False,True,True,2.3086016178131104,0.09960000216960907,0,False,False,2.3086771965026855,0.10159999877214432
sigmoid_adadelta_0.0001_categorical_crossentropy_5000_200_norm,sigmoid,adadelta,False,True,False,2.334217071533203,0.09965000301599503,0,False,False,2.33144474029541,0.10140000283718109
sigmoid_adagrad_0.0001_categorical_crossentropy_5000_200,sigmoid,adagrad,False,False,False,2.2855489253997803,0.14094999432563782,0,False,False,2.2857096195220947,0.14300000667572021
sigmoid_adagrad_0.0001_categorical_crossentropy_5000_200_gray,sigmoid,adagrad,False,False,True,2.3032596111297607,0.10194999724626541,0,False,False,2.3043956756591797,0.09960000216960907
sigmoid_adagrad_0.0001_categorical_crossentropy_5000_200_gray_norm,sigmoid,adagrad,False,True,True,2.305469274520874,0.09965000301599503,0,False,False,2.3046817779541016,0.10140000283718109
sigmoid_adagrad_0.0001_categorical_crossentropy_5000_200_norm,sigmoid,adagrad,False,True,False,2.306579828262329,0.10057500004768372,0,False,False,2.3062615394592285,0.09769999980926514
sigmoid_adamax_0.0001_categorical_crossentropy_5000_200,sigmoid,adamax,False,False,False,2.30259108543396,0.10122500360012054,0,False,False,2.3027472496032715,0.09520000219345093
sigmoid_adamax_0.0001_categorical_crossentropy_5000_200_gray,sigmoid,adamax,False,False,True,2.3017191886901855,0.10559999942779541,0,False,False,2.302896738052368,0.09839999675750732
sigmoid_adamax_0.0001_categorical_crossentropy_5000_200_gray_norm,sigmoid,adamax,False,True,True,2.293205499649048,0.12417499721050262,0,False,False,2.2940988540649414,0.12540000677108765
sigmoid_adamax_0.0001_categorical_crossentropy_5000_200_norm,sigmoid,adamax,False,True,False,2.294861316680908,0.12287499755620956,0,False,False,2.29565691947937,0.1177000030875206
sigmoid_adam_0.0001_categorical_crossentropy_5000_200,sigmoid,adam,False,False,False,2.302548885345459,0.10122500360012054,0,False,False,2.302722454071045,0.09520000219345093
sigmoid_adam_0.0001_categorical_crossentropy_5000_200_gray,sigmoid,adam,False,False,True,2.3018085956573486,0.10114999860525131,0,False,False,2.3023457527160645,0.09929999709129333
sigmoid_adam_0.0001_categorical_crossentropy_5000_200_gray_norm,sigmoid,adam,False,True,True,2.2763831615448,0.11749999970197678,0,False,False,2.2780001163482666,0.11699999868869781
sigmoid_adam_0.0001_categorical_crossentropy_5000_200_norm,sigmoid,adam,False,True,False,2.261366128921509,0.16112500429153442,0,False,False,2.2625691890716553,0.16419999301433563
sigmoid_ftrl_0.0001_categorical_crossentropy_5000_200,sigmoid,ftrl,False,False,False,2.3025755882263184,0.10119999945163727,0,False,False,2.3026347160339355,0.09520000219345093
sigmoid_ftrl_0.0001_categorical_crossentropy_5000_200_gray,sigmoid,ftrl,False,False,True,2.292362689971924,0.15877500176429749,0,False,False,2.292156457901001,0.15790000557899475
sigmoid_ftrl_0.0001_categorical_crossentropy_5000_200_gray_norm,sigmoid,ftrl,False,True,True,2.302574634552002,0.10119999945163727,0,False,False,2.3026437759399414,0.09520000219345093
sigmoid_ftrl_0.0001_categorical_crossentropy_5000_200_norm,sigmoid,ftrl,False,True,False,2.302572727203369,0.10119999945163727,0,False,False,2.3026437759399414,0.09520000219345093
sigmoid_nadam_0.0001_categorical_crossentropy_5000_200,sigmoid,nadam,False,False,False,2.226818084716797,0.1719750016927719,0,False,False,2.2319555282592773,0.16990000009536743
sigmoid_nadam_0.0001_categorical_crossentropy_5000_200_gray,sigmoid,nadam,False,False,True,2.302736759185791,0.10102500021457672,0,False,False,2.3032150268554688,0.09489999711513519
sigmoid_nadam_0.0001_categorical_crossentropy_5000_200_gray_norm,sigmoid,nadam,False,True,True,2.2638518810272217,0.14742499589920044,0,False,False,2.263697624206543,0.1467999964952469
sigmoid_nadam_0.0001_categorical_crossentropy_5000_200_norm,sigmoid,nadam,False,True,False,2.2307662963867188,0.16802500188350677,0,False,False,2.232595443725586,0.1688999980688095
sigmoid_rmsprop_0.0001_categorical_crossentropy_5000_200,sigmoid,rmsprop,False,False,False,2.302184820175171,0.10154999792575836,0,False,False,2.3027477264404297,0.09520000219345093
sigmoid_rmsprop_0.0001_categorical_crossentropy_5000_200_gray,sigmoid,rmsprop,False,False,True,2.3019495010375977,0.10167499631643295,0,False,False,2.3027000427246094,0.0949999988079071
sigmoid_rmsprop_0.0001_categorical_crossentropy_5000_200_gray_norm,sigmoid,rmsprop,False,True,True,2.2579007148742676,0.15665000677108765,0,False,False,2.2560787200927734,0.15530000627040863
sigmoid_rmsprop_0.0001_categorical_crossentropy_5000_200_norm,sigmoid,rmsprop,False,True,False,2.2562055587768555,0.14847500622272491,0,False,False,2.256711483001709,0.14429999887943268
sigmoid_sgd_0.0001_categorical_crossentropy_5000_200,sigmoid,sgd,False,False,False,2.3028066158294678,0.10177499800920486,0,False,False,2.302279472351074,0.09619999676942825
sigmoid_sgd_0.0001_categorical_crossentropy_5000_200_gray,sigmoid,sgd,False,False,True,2.296215295791626,0.1182750016450882,0,False,False,2.2968530654907227,0.11749999970197678
sigmoid_sgd_0.0001_categorical_crossentropy_5000_200_gray_norm,sigmoid,sgd,False,True,True,2.3158819675445557,0.09937500208616257,0,False,False,2.3143434524536133,0.10249999910593033
sigmoid_sgd_0.0001_categorical_crossentropy_5000_200_norm,sigmoid,sgd,False,True,False,2.3048791885375977,0.09937500208616257,0,False,False,2.305159568786621,0.10249999910593033
softplus_adadelta_0.0001_categorical_crossentropy_5000_200,softplus,adadelta,False,False,False,2.316575527191162,0.10112500190734863,0,False,False,2.3147428035736084,0.09510000050067902
softplus_adadelta_0.0001_categorical_crossentropy_5000_200_gray,softplus,adadelta,False,False,True,16.457992553710938,0.08569999784231186,0,False,False,16.602821350097656,0.08879999816417694
softplus_adadelta_0.0001_categorical_crossentropy_5000_200_gray_norm,softplus,adadelta,False,True,True,2.360243797302246,0.10119999945163727,0,False,False,2.3641374111175537,0.09520000219345093
softplus_adagrad_0.0001_categorical_crossentropy_5000_200,softplus,adagrad,False,False,False,2.356349468231201,0.10187499970197678,0,False,False,2.3780832290649414,0.09570000320672989
softplus_adagrad_0.0001_categorical_crossentropy_5000_200_gray,softplus,adagrad,False,False,True,2.310488224029541,0.10052499920129776,0,False,False,2.330955982208252,0.09780000150203705
softplus_adagrad_0.0001_categorical_crossentropy_5000_200_gray_norm,softplus,adagrad,False,True,True,2.310218572616577,0.10007499903440475,0,False,False,2.3117246627807617,0.09969999641180038
softplus_adamax_0.0001_categorical_crossentropy_5000_200,softplus,adamax,False,False,False,2.3041021823883057,0.10119999945163727,0,False,False,2.3026909828186035,0.09520000219345093
softplus_adamax_0.0001_categorical_crossentropy_5000_200_gray,softplus,adamax,False,False,True,2.3198304176330566,0.1012749969959259,0,False,False,2.316890239715576,0.09529999643564224
softplus_adamax_0.0001_categorical_crossentropy_5000_200_gray_norm,softplus,adamax,False,True,True,2.3032424449920654,0.09452500194311142,0,False,False,2.3034982681274414,0.0885000005364418
softplus_adam_0.0001_categorical_crossentropy_5000_200,softplus,adam,False,False,False,2.3025705814361572,0.10119999945163727,0,False,False,2.3027756214141846,0.09520000219345093
softplus_adam_0.0001_categorical_crossentropy_5000_200_gray,softplus,adam,False,False,True,2.3031041622161865,0.10122500360012054,0,False,False,2.30277943611145,0.09520000219345093
softplus_adam_0.0001_categorical_crossentropy_5000_200_gray_norm,softplus,adam,False,True,True,2.2998433113098145,0.09480000287294388,0,False,False,2.300009250640869,0.09229999780654907
softplus_ftrl_0.0001_categorical_crossentropy_5000_200,softplus,ftrl,False,False,False,2.3040030002593994,0.10122500360012054,0,False,False,2.303584575653076,0.09520000219345093
softplus_ftrl_0.0001_categorical_crossentropy_5000_200_gray,softplus,ftrl,False,False,True,2.307889461517334,0.10119999945163727,0,False,False,2.310732841491699,0.09520000219345093
softplus_ftrl_0.0001_categorical_crossentropy_5000_200_gray_norm,softplus,ftrl,False,True,True,2.3025693893432617,0.10119999945163727,0,False,False,2.3026516437530518,0.09520000219345093
softplus_nadam_0.0001_categorical_crossentropy_5000_200,softplus,nadam,False,False,False,2.303419589996338,0.10122500360012054,0,False,False,2.3052663803100586,0.09520000219345093
softplus_nadam_0.0001_categorical_crossentropy_5000_200_gray,softplus,nadam,False,False,True,2.3021810054779053,0.10140000283718109,0,False,False,2.3026671409606934,0.09520000219345093
softplus_nadam_0.0001_categorical_crossentropy_5000_200_gray_norm,softplus,nadam,False,True,True,2.2889328002929688,0.0980750024318695,0,False,False,2.2909185886383057,0.093299999833107
softplus_rmsprop_0.0001_categorical_crossentropy_5000_200,softplus,rmsprop,False,False,False,2.3025712966918945,0.10119999945163727,0,False,False,2.304021120071411,0.09520000219345093
softplus_rmsprop_0.0001_categorical_crossentropy_5000_200_gray,softplus,rmsprop,False,False,True,2.302022933959961,0.1014999970793724,0,False,False,2.3149797916412354,0.09520000219345093
softplus_rmsprop_0.0001_categorical_crossentropy_5000_200_gray_norm,softplus,rmsprop,False,True,True,2.30169415473938,0.11174999922513962,0,False,False,2.3022139072418213,0.10369999706745148
softplus_sgd_0.0001_categorical_crossentropy_5000_200,softplus,sgd,False,False,False,2.302584409713745,0.10119999945163727,0,False,False,2.3025872707366943,0.09520000219345093
softplus_sgd_0.0001_categorical_crossentropy_5000_200_gray,softplus,sgd,False,False,True,2.302584648132324,0.10119999945163727,0,False,False,2.3025870323181152,0.09520000219345093
softplus_sgd_0.0001_categorical_crossentropy_5000_200_gray_norm,softplus,sgd,False,True,True,2.3099687099456787,0.0994499996304512,0,False,False,2.3082728385925293,0.10220000147819519
softsign_adadelta_0.0001_categorical_crossentropy_5000_200,softsign,adadelta,False,False,False,2.348707437515259,0.11535000056028366,0,False,False,2.3451004028320312,0.11990000307559967
softsign_adadelta_0.0001_categorical_crossentropy_5000_200_gray,softsign,adadelta,False,False,True,2.3537609577178955,0.09284999966621399,0,False,False,2.3552093505859375,0.09539999812841415
softsign_adadelta_0.0001_categorical_crossentropy_5000_200_gray_norm,softsign,adadelta,False,True,True,2.316446304321289,0.0997999981045723,0,False,False,2.3143234252929688,0.10260000079870224
softsign_adagrad_0.0001_categorical_crossentropy_5000_200,softsign,adagrad,False,False,False,2.3576014041900635,0.0987749993801117,0,False,False,2.3576877117156982,0.09610000252723694
softsign_adagrad_0.0001_categorical_crossentropy_5000_200_gray,softsign,adagrad,False,False,True,2.365074634552002,0.125450000166893,0,False,False,2.3668904304504395,0.12549999356269836
softsign_adagrad_0.0001_categorical_crossentropy_5000_200_gray_norm,softsign,adagrad,False,True,True,2.3091540336608887,0.09234999865293503,0,False,False,2.3088550567626953,0.09000000357627869
softsign_adamax_0.0001_categorical_crossentropy_5000_200,softsign,adamax,False,False,False,2.286961555480957,0.1581750065088272,0,False,False,2.299520492553711,0.1527000069618225
softsign_adamax_0.0001_categorical_crossentropy_5000_200_gray,softsign,adamax,False,False,True,2.3173274993896484,0.12134999781847,0,False,False,2.323979377746582,0.1193000003695488
softsign_adamax_0.0001_categorical_crossentropy_5000_200_gray_norm,softsign,adamax,False,True,True,2.270933151245117,0.14942499995231628,0,False,False,2.2715563774108887,0.1509999930858612
softsign_adam_0.0001_categorical_crossentropy_5000_200,softsign,adam,False,False,False,2.2685699462890625,0.14697499573230743,0,False,False,2.281100273132324,0.1404999941587448
softsign_adam_0.0001_categorical_crossentropy_5000_200_gray,softsign,adam,False,False,True,2.2875068187713623,0.14749999344348907,0,False,False,2.2936339378356934,0.1469999998807907
softsign_adam_0.0001_categorical_crossentropy_5000_200_gray_norm,softsign,adam,False,True,True,2.2288613319396973,0.14982500672340393,0,False,False,2.2301597595214844,0.14730000495910645
softsign_ftrl_0.0001_categorical_crossentropy_5000_200,softsign,ftrl,False,False,False,2.2652015686035156,0.16384999454021454,0,False,False,2.2661490440368652,0.16009999811649323
softsign_ftrl_0.0001_categorical_crossentropy_5000_200_gray,softsign,ftrl,False,False,True,2.2791521549224854,0.15777499973773956,0,False,False,2.279675245285034,0.15610000491142273
softsign_ftrl_0.0001_categorical_crossentropy_5000_200_gray_norm,softsign,ftrl,False,True,True,2.302570104598999,0.10119999945163727,0,False,False,2.302628517150879,0.09520000219345093
softsign_nadam_0.0001_categorical_crossentropy_5000_200,softsign,nadam,False,False,False,2.198131799697876,0.1725499927997589,0,False,False,2.210378646850586,0.16940000653266907
softsign_nadam_0.0001_categorical_crossentropy_5000_200_gray,softsign,nadam,False,False,True,2.2945520877838135,0.12080000340938568,0,False,False,2.2987375259399414,0.11379999667406082
softsign_nadam_0.0001_categorical_crossentropy_5000_200_gray_norm,softsign,nadam,False,True,True,2.2329840660095215,0.148375004529953,0,False,False,2.2335915565490723,0.14869999885559082
softsign_rmsprop_0.0001_categorical_crossentropy_5000_200,softsign,rmsprop,False,False,False,2.207747459411621,0.16040000319480896,0,False,False,2.208299160003662,0.15919999778270721
softsign_rmsprop_0.0001_categorical_crossentropy_5000_200_gray,softsign,rmsprop,False,False,True,2.2451870441436768,0.15459999442100525,0,False,False,2.246936798095703,0.15600000321865082
softsign_rmsprop_0.0001_categorical_crossentropy_5000_200_gray_norm,softsign,rmsprop,False,True,True,2.2784531116485596,0.13660000264644623,0,False,False,2.2790589332580566,0.1404000073671341
softsign_sgd_0.0001_categorical_crossentropy_5000_200,softsign,sgd,False,False,False,2.278269052505493,0.11517500132322311,0,False,False,2.276303291320801,0.11259999871253967
softsign_sgd_0.0001_categorical_crossentropy_5000_200_gray,softsign,sgd,False,False,True,2.399257183074951,0.10057500004768372,0,False,False,2.393458366394043,0.10040000081062317
softsign_sgd_0.0001_categorical_crossentropy_5000_200_gray_norm,softsign,sgd,False,True,True,2.316370964050293,0.0984250009059906,0,False,False,2.313281536102295,0.10249999910593033
tanh_adadelta_0.0001_categorical_crossentropy_5000_200,tanh,adadelta,False,False,False,2.376229763031006,0.10657499730587006,0,False,False,2.3795788288116455,0.10740000009536743
tanh_adadelta_0.0001_categorical_crossentropy_5000_200_gray,tanh,adadelta,False,False,True,2.3454952239990234,0.12125000357627869,0,False,False,2.351386070251465,0.11940000206232071
tanh_adadelta_0.0001_categorical_crossentropy_5000_200_gray_norm,tanh,adadelta,False,True,True,2.3324902057647705,0.09792499989271164,0,False,False,2.33229660987854,0.09610000252723694
tanh_adadelta_0.0001_categorical_crossentropy_5000_200_norm,tanh,adadelta,False,True,False,2.3151497840881348,0.0960249975323677,0,False,False,2.315333604812622,0.0949999988079071
tanh_adagrad_0.0001_categorical_crossentropy_5000_200,tanh,adagrad,False,False,False,2.280683755874634,0.11069999635219574,0,False,False,2.28354549407959,0.11100000143051147
tanh_adagrad_0.0001_categorical_crossentropy_5000_200_gray,tanh,adagrad,False,False,True,2.401737928390503,0.1039000004529953,0,False,False,2.408785343170166,0.10119999945163727
tanh_adagrad_0.0001_categorical_crossentropy_5000_200_gray_norm,tanh,adagrad,False,True,True,2.2977709770202637,0.1150749996304512,0,False,False,2.2981984615325928,0.10949999839067459
tanh_adagrad_0.0001_categorical_crossentropy_5000_200_norm,tanh,adagrad,False,True,False,2.2938947677612305,0.13449999690055847,0,False,False,2.293661594390869,0.13459999859333038
tanh_adamax_0.0001_categorical_crossentropy_5000_200,tanh,adamax,False,False,False,2.2477738857269287,0.16577500104904175,0,False,False,2.2455687522888184,0.16519999504089355
tanh_adamax_0.0001_categorical_crossentropy_5000_200_gray,tanh,adamax,False,False,True,2.326544761657715,0.10152500122785568,0,False,False,2.326447010040283,0.10239999741315842
tanh_adamax_0.0001_categorical_crossentropy_5000_200_gray_norm,tanh,adamax,False,True,True,2.282261371612549,0.11797499656677246,0,False,False,2.284233570098877,0.11540000140666962
tanh_adamax_0.0001_categorical_crossentropy_5000_200_norm,tanh,adamax,False,True,False,2.2513389587402344,0.15710000693798065,0,False,False,2.255497455596924,0.15309999883174896
tanh_adam_0.0001_categorical_crossentropy_5000_200,tanh,adam,False,False,False,2.2870726585388184,0.14852499961853027,0,False,False,2.2912797927856445,0.14959999918937683
tanh_adam_0.0001_categorical_crossentropy_5000_200_gray,tanh,adam,False,False,True,2.2655491828918457,0.14114999771118164,0,False,False,2.2670400142669678,0.13680000603199005
tanh_adam_0.0001_categorical_crossentropy_5000_200_gray_norm,tanh,adam,False,True,True,2.258544921875,0.155349999666214,0,False,False,2.259943723678589,0.15440000593662262
tanh_adam_0.0001_categorical_crossentropy_5000_200_norm,tanh,adam,False,True,False,2.1844799518585205,0.1747249960899353,0,False,False,2.186635732650757,0.17440000176429749
tanh_ftrl_0.0001_categorical_crossentropy_5000_200,tanh,ftrl,False,False,False,2.3025758266448975,0.10119999945163727,0,False,False,2.302661180496216,0.09520000219345093
tanh_ftrl_0.0001_categorical_crossentropy_5000_200_gray,tanh,ftrl,False,False,True,2.2774605751037598,0.16187499463558197,0,False,False,2.277616500854492,0.16019999980926514
tanh_ftrl_0.0001_categorical_crossentropy_5000_200_gray_norm,tanh,ftrl,False,True,True,2.302574396133423,0.10119999945163727,0,False,False,2.302633762359619,0.09520000219345093
tanh_ftrl_0.0001_categorical_crossentropy_5000_200_norm,tanh,ftrl,False,True,False,2.3024704456329346,0.10119999945163727,0,False,False,2.302527904510498,0.09520000219345093
tanh_nadam_0.0001_categorical_crossentropy_5000_200,tanh,nadam,False,False,False,2.2211687564849854,0.1597750037908554,0,False,False,2.229644298553467,0.15700000524520874
tanh_nadam_0.0001_categorical_crossentropy_5000_200_gray,tanh,nadam,False,False,True,2.3137998580932617,0.09939999878406525,0,False,False,2.3121862411499023,0.10249999910593033
tanh_nadam_0.0001_categorical_crossentropy_5000_200_gray_norm,tanh,nadam,False,True,True,2.253227949142456,0.15680000185966492,0,False,False,2.258453130722046,0.15279999375343323
tanh_nadam_0.0001_categorical_crossentropy_5000_200_norm,tanh,nadam,False,True,False,2.234459638595581,0.14149999618530273,0,False,False,2.23736834526062,0.13840000331401825
tanh_rmsprop_0.0001_categorical_crossentropy_5000_200,tanh,rmsprop,False,False,False,2.312795400619507,0.10062500089406967,0,False,False,2.3137831687927246,0.09769999980926514
tanh_rmsprop_0.0001_categorical_crossentropy_5000_200_gray,tanh,rmsprop,False,False,True,2.2804036140441895,0.14259999990463257,0,False,False,2.2803685665130615,0.13989999890327454
tanh_rmsprop_0.0001_categorical_crossentropy_5000_200_gray_norm,tanh,rmsprop,False,True,True,2.2731456756591797,0.10724999755620956,0,False,False,2.2737174034118652,0.10949999839067459
tanh_rmsprop_0.0001_categorical_crossentropy_5000_200_norm,tanh,rmsprop,False,True,False,2.193976402282715,0.1655000001192093,0,False,False,2.2058701515197754,0.1623000055551529
tanh_sgd_0.0001_categorical_crossentropy_5000_200,tanh,sgd,False,False,False,2.3468072414398193,0.0994499996304512,0,False,False,2.3474173545837402,0.10249999910593033
tanh_sgd_0.0001_categorical_crossentropy_5000_200_gray,tanh,sgd,False,False,True,2.3831114768981934,0.09960000216960907,0,False,False,2.381176710128784,0.10159999877214432
tanh_sgd_0.0001_categorical_crossentropy_5000_200_gray_norm,tanh,sgd,False,True,True,2.308180809020996,0.09629999846220016,0,False,False,2.3077733516693115,0.09529999643564224
tanh_sgd_0.0001_categorical_crossentropy_5000_200_norm,tanh,sgd,False,True,False,2.2952370643615723,0.09799999743700027,0,False,False,2.296476125717163,0.09149999916553497
elu_adadelta_0.0001_sparse_categorical_crossentropy_5000_200,elu,adadelta,True,False,False,6.751636505126953,0.08105000108480453,0,False,False,7.081859588623047,0.08179999887943268
elu_adadelta_0.0001_sparse_categorical_crossentropy_5000_200_gray,elu,adadelta,True,False,True,3.7915782928466797,0.10377500206232071,0,False,False,3.7390635013580322,0.10419999808073044
elu_adadelta_0.0001_sparse_categorical_crossentropy_5000_200_gray_norm,elu,adadelta,True,True,True,2.3011796474456787,0.105274997651577,0,False,False,2.3010153770446777,0.10589999705553055
elu_adagrad_0.0001_sparse_categorical_crossentropy_5000_200,elu,adagrad,True,False,False,2.370589256286621,0.09965000301599503,0,False,False,2.3721773624420166,0.10140000283718109
elu_adagrad_0.0001_sparse_categorical_crossentropy_5000_200_gray,elu,adagrad,True,False,True,2.405745267868042,0.09965000301599503,0,False,False,2.4084959030151367,0.10130000114440918
elu_adagrad_0.0001_sparse_categorical_crossentropy_5000_200_gray_norm,elu,adagrad,True,True,True,2.3035495281219482,0.1096000000834465,0,False,False,2.3040051460266113,0.10660000145435333
elu_adamax_0.0001_sparse_categorical_crossentropy_5000_200,elu,adamax,True,False,False,2.334533452987671,0.10007499903440475,0,False,False,2.3346238136291504,0.09969999641180038
elu_adamax_0.0001_sparse_categorical_crossentropy_5000_200_gray,elu,adamax,True,False,True,2.3279545307159424,0.09939999878406525,0,False,False,2.3267016410827637,0.10249999910593033
elu_adamax_0.0001_sparse_categorical_crossentropy_5000_200_gray_norm,elu,adamax,True,True,True,2.245267868041992,0.1476999968290329,0,False,False,2.245201826095581,0.15029999613761902
elu_adam_0.0001_sparse_categorical_crossentropy_5000_200,elu,adam,True,False,False,2.329911708831787,0.10057500004768372,0,False,False,2.3318517208099365,0.09769999980926514
elu_adam_0.0001_sparse_categorical_crossentropy_5000_200_gray,elu,adam,True,False,True,2.349585771560669,0.10117500275373459,0,False,False,2.345024585723877,0.09520000219345093
elu_adam_0.0001_sparse_categorical_crossentropy_5000_200_gray_norm,elu,adam,True,True,True,2.273838996887207,0.12037499994039536,0,False,False,2.2760605812072754,0.11599999666213989
elu_ftrl_0.0001_sparse_categorical_crossentropy_5000_200,elu,ftrl,True,False,False,2.3045740127563477,0.09965000301599503,0,False,False,2.305377721786499,0.10140000283718109
elu_ftrl_0.0001_sparse_categorical_crossentropy_5000_200_gray,elu,ftrl,True,False,True,2.388913631439209,0.10050000250339508,0,False,False,2.387439250946045,0.09780000150203705
elu_ftrl_0.0001_sparse_categorical_crossentropy_5000_200_gray_norm,elu,ftrl,True,True,True,2.3004908561706543,0.10249999910593033,0,False,False,2.3004329204559326,0.10270000249147415
elu_nadam_0.0001_sparse_categorical_crossentropy_5000_200,elu,nadam,True,False,False,2.3525447845458984,0.09992499649524689,0,False,False,2.3554580211639404,0.10029999911785126
elu_nadam_0.0001_sparse_categorical_crossentropy_5000_200_gray,elu,nadam,True,False,True,2.347018241882324,0.10117500275373459,0,False,False,2.361584186553955,0.09510000050067902
elu_nadam_0.0001_sparse_categorical_crossentropy_5000_200_gray_norm,elu,nadam,True,True,True,2.2653415203094482,0.13750000298023224,0,False,False,2.2669029235839844,0.14259999990463257
elu_rmsprop_0.0001_sparse_categorical_crossentropy_5000_200,elu,rmsprop,True,False,False,2.3226981163024902,0.09992499649524689,0,False,False,2.32254695892334,0.10029999911785126
elu_rmsprop_0.0001_sparse_categorical_crossentropy_5000_200_gray,elu,rmsprop,True,False,True,2.302964448928833,0.09955000132322311,0,False,False,2.3046064376831055,0.10220000147819519
elu_rmsprop_0.0001_sparse_categorical_crossentropy_5000_200_gray_norm,elu,rmsprop,True,True,True,2.2436537742614746,0.148049995303154,0,False,False,2.24164080619812,0.15559999644756317
elu_sgd_0.0001_sparse_categorical_crossentropy_5000_200,elu,sgd,True,False,False,2.3591973781585693,0.09965000301599503,0,False,False,2.359288454055786,0.10140000283718109
elu_sgd_0.0001_sparse_categorical_crossentropy_5000_200_gray,elu,sgd,True,False,True,2.3830206394195557,0.0994499996304512,0,False,False,2.388911724090576,0.10220000147819519
elu_sgd_0.0001_sparse_categorical_crossentropy_5000_200_gray_norm,elu,sgd,True,True,True,2.303267478942871,0.10087499767541885,0,False,False,2.3029162883758545,0.10540000349283218
hard_sigmoid_adadelta_sparse_0.0001_categorical_crossentropy_5000_200,hard,sigmoid,True,False,False,2.302579641342163,0.10119999945163727,0,False,False,2.302647590637207,0.09510000050067902
hard_sigmoid_adadelta_sparse_0.0001_categorical_crossentropy_5000_200_gray,hard,sigmoid,True,False,True,2.4238808155059814,0.10014999657869339,0,False,False,2.423633098602295,0.09470000118017197
hard_sigmoid_adadelta_sparse_0.0001_categorical_crossentropy_5000_200_gray_norm,hard,sigmoid,True,True,True,2.338852882385254,0.09965000301599503,0,False,False,2.3405139446258545,0.10140000283718109
hard_sigmoid_adagrad_sparse_0.0001_categorical_crossentropy_5000_200,hard,sigmoid,True,False,False,2.303067684173584,0.10225000232458115,0,False,False,2.3035361766815186,0.09529999643564224
hard_sigmoid_adagrad_sparse_0.0001_categorical_crossentropy_5000_200_gray,hard,sigmoid,True,False,True,2.3036880493164062,0.10125000029802322,0,False,False,2.304074764251709,0.09759999811649323
hard_sigmoid_adagrad_sparse_0.0001_categorical_crossentropy_5000_200_gray_norm,hard,sigmoid,True,True,True,2.3063011169433594,0.0996749997138977,0,False,False,2.305905818939209,0.10180000215768814
hard_sigmoid_adamax_sparse_0.0001_categorical_crossentropy_5000_200,hard,sigmoid,True,False,False,2.3026318550109863,0.10057500004768372,0,False,False,2.3024959564208984,0.0982000008225441
hard_sigmoid_adamax_sparse_0.0001_categorical_crossentropy_5000_200_gray,hard,sigmoid,True,False,True,2.302586317062378,0.10140000283718109,0,False,False,2.3027701377868652,0.09539999812841415
hard_sigmoid_adamax_sparse_0.0001_categorical_crossentropy_5000_200_gray_norm,hard,sigmoid,True,True,True,2.284931182861328,0.14454999566078186,0,False,False,2.2841711044311523,0.14550000429153442
hard_sigmoid_adam_sparse_0.0001_categorical_crossentropy_5000_200,hard,sigmoid,True,False,False,2.3025522232055664,0.10125000029802322,0,False,False,2.302769422531128,0.09520000219345093
hard_sigmoid_adam_sparse_0.0001_categorical_crossentropy_5000_200_gray,hard,sigmoid,True,False,True,2.302521228790283,0.10119999945163727,0,False,False,2.3028812408447266,0.09520000219345093
hard_sigmoid_adam_sparse_0.0001_categorical_crossentropy_5000_200_gray_norm,hard,sigmoid,True,True,True,2.302567481994629,0.10100000351667404,0,False,False,2.302783489227295,0.09470000118017197
hard_sigmoid_ftrl_sparse_0.0001_categorical_crossentropy_5000_200,hard,sigmoid,True,False,False,2.3025760650634766,0.10119999945163727,0,False,False,2.302633762359619,0.09520000219345093
hard_sigmoid_ftrl_sparse_0.0001_categorical_crossentropy_5000_200_gray,hard,sigmoid,True,False,True,2.3025758266448975,0.10119999945163727,0,False,False,2.3026344776153564,0.09520000219345093
hard_sigmoid_ftrl_sparse_0.0001_categorical_crossentropy_5000_200_gray_norm,hard,sigmoid,True,True,True,2.3025741577148438,0.10119999945163727,0,False,False,2.302645206451416,0.09520000219345093
hard_sigmoid_nadam_sparse_0.0001_categorical_crossentropy_5000_200,hard,sigmoid,True,False,False,2.218909502029419,0.16197499632835388,0,False,False,2.22123384475708,0.1598999947309494
hard_sigmoid_nadam_sparse_0.0001_categorical_crossentropy_5000_200_gray,hard,sigmoid,True,False,True,2.30126953125,0.10170000046491623,0,False,False,2.3025591373443604,0.09539999812841415
hard_sigmoid_nadam_sparse_0.0001_categorical_crossentropy_5000_200_gray_norm,hard,sigmoid,True,True,True,2.286076068878174,0.14387500286102295,0,False,False,2.2867672443389893,0.1429000049829483
hard_sigmoid_rmsprop_sparse_0.0001_categorical_crossentropy_5000_200,hard,sigmoid,True,False,False,2.3240675926208496,0.09965000301599503,0,False,False,2.322175979614258,0.10140000283718109
hard_sigmoid_rmsprop_sparse_0.0001_categorical_crossentropy_5000_200_gray,hard,sigmoid,True,False,True,2.2894678115844727,0.11762499809265137,0,False,False,2.2902255058288574,0.11550000309944153
hard_sigmoid_rmsprop_sparse_0.0001_categorical_crossentropy_5000_200_gray_norm,hard,sigmoid,True,True,True,2.2810020446777344,0.15132500231266022,0,False,False,2.2820000648498535,0.14790000021457672
hard_sigmoid_sgd_sparse_0.0001_categorical_crossentropy_5000_200,hard,sigmoid,True,False,False,2.303741455078125,0.1043500006198883,0,False,False,2.304028034210205,0.10499999672174454
hard_sigmoid_sgd_sparse_0.0001_categorical_crossentropy_5000_200_gray,hard,sigmoid,True,False,True,2.301514148712158,0.10912500321865082,0,False,False,2.30562162399292,0.10779999941587448
hard_sigmoid_sgd_sparse_0.0001_categorical_crossentropy_5000_200_gray_norm,hard,sigmoid,True,True,True,2.307626724243164,0.0994499996304512,0,False,False,2.3062963485717773,0.10220000147819519
linear_adadelta_0.0001_sparse_categorical_crossentropy_5000_200,linear,adadelta,True,False,False,20.29429054260254,0.10427500307559967,0,False,False,20.13665008544922,0.10660000145435333
linear_adadelta_0.0001_sparse_categorical_crossentropy_5000_200_gray,linear,adadelta,True,False,True,93.79564666748047,0.10422500222921371,0,False,False,94.76412963867188,0.10119999945163727
linear_adadelta_0.0001_sparse_categorical_crossentropy_5000_200_gray_norm,linear,adadelta,True,True,True,2.3147268295288086,0.0982000008225441,0,False,False,2.3107433319091797,0.09650000184774399
linear_adadelta_0.0001_sparse_categorical_crossentropy_5000_200_norm,linear,adadelta,True,True,False,2.3394644260406494,0.09700000286102295,0,False,False,2.337975025177002,0.09679999947547913
linear_adagrad_0.0001_sparse_categorical_crossentropy_5000_200,linear,adagrad,True,False,False,13.697257041931152,0.1122250035405159,0,False,False,13.446081161499023,0.11649999767541885
linear_adagrad_0.0001_sparse_categorical_crossentropy_5000_200_gray,linear,adagrad,True,False,True,23.331989288330078,0.10384999960660934,0,False,False,23.444656372070312,0.09629999846220016
linear_adagrad_0.0001_sparse_categorical_crossentropy_5000_200_gray_norm,linear,adagrad,True,True,True,2.3053596019744873,0.10490000247955322,0,False,False,2.305004358291626,0.10409999638795853
linear_adagrad_0.0001_sparse_categorical_crossentropy_5000_200_norm,linear,adagrad,True,True,False,2.300095558166504,0.12102500349283218,0,False,False,2.298978328704834,0.12460000067949295
linear_adamax_0.0001_sparse_categorical_crossentropy_5000_200,linear,adamax,True,False,False,8.59346866607666,0.1085750013589859,0,False,False,8.582159042358398,0.10760000348091125
linear_adamax_0.0001_sparse_categorical_crossentropy_5000_200_gray,linear,adamax,True,False,True,9.84257698059082,0.11320000141859055,0,False,False,9.803071022033691,0.1137000024318695
linear_adamax_0.0001_sparse_categorical_crossentropy_5000_200_gray_norm,linear,adamax,True,True,True,2.215101480484009,0.1538500040769577,0,False,False,2.2190961837768555,0.1550000011920929
linear_adamax_0.0001_sparse_categorical_crossentropy_5000_200_norm,linear,adamax,True,True,False,2.173743724822998,0.15342499315738678,0,False,False,2.1796317100524902,0.15369999408721924
linear_adam_0.0001_sparse_categorical_crossentropy_5000_200,linear,adam,True,False,False,4.913881778717041,0.12372499704360962,0,False,False,5.027643203735352,0.11990000307559967
linear_adam_0.0001_sparse_categorical_crossentropy_5000_200_gray,linear,adam,True,False,True,6.834726333618164,0.10407499969005585,0,False,False,6.896052360534668,0.10379999876022339
linear_adam_0.0001_sparse_categorical_crossentropy_5000_200_gray_norm,linear,adam,True,True,True,2.269275426864624,0.1543249934911728,0,False,False,2.2708868980407715,0.15240000188350677
linear_adam_0.0001_sparse_categorical_crossentropy_5000_200_norm,linear,adam,True,True,False,2.191573143005371,0.1609250009059906,0,False,False,2.2016396522521973,0.16009999811649323
linear_ftrl_0.0001_sparse_categorical_crossentropy_5000_200,linear,ftrl,True,False,False,9.279451370239258,0.10589999705553055,0,False,False,9.386268615722656,0.10320000350475311
linear_ftrl_0.0001_sparse_categorical_crossentropy_5000_200_gray,linear,ftrl,True,False,True,9.545726776123047,0.1031000018119812,0,False,False,9.621185302734375,0.10239999741315842
linear_ftrl_0.0001_sparse_categorical_crossentropy_5000_200_gray_norm,linear,ftrl,True,True,True,2.3001248836517334,0.10055000334978104,0,False,False,2.3001205921173096,0.10199999809265137
linear_ftrl_0.0001_sparse_categorical_crossentropy_5000_200_norm,linear,ftrl,True,True,False,2.301720380783081,0.10170000046491623,0,False,False,2.3017091751098633,0.10270000249147415
linear_nadam_0.0001_sparse_categorical_crossentropy_5000_200,linear,nadam,True,False,False,6.978652477264404,0.10909999907016754,0,False,False,7.239878177642822,0.1062999963760376
linear_nadam_0.0001_sparse_categorical_crossentropy_5000_200_gray,linear,nadam,True,False,True,7.391660213470459,0.11299999803304672,0,False,False,7.398987770080566,0.11010000109672546
linear_nadam_0.0001_sparse_categorical_crossentropy_5000_200_gray_norm,linear,nadam,True,True,True,2.2184314727783203,0.17395000159740448,0,False,False,2.218839406967163,0.17759999632835388
linear_nadam_0.0001_sparse_categorical_crossentropy_5000_200_norm,linear,nadam,True,True,False,2.197214126586914,0.15905000269412994,0,False,False,2.205223798751831,0.14810000360012054
linear_rmsprop_0.0001_sparse_categorical_crossentropy_5000_200,linear,rmsprop,True,False,False,6.700713634490967,0.13432499766349792,0,False,False,6.464380264282227,0.14149999618530273
linear_rmsprop_0.0001_sparse_categorical_crossentropy_5000_200_gray,linear,rmsprop,True,False,True,8.269841194152832,0.11270000040531158,0,False,False,8.472908020019531,0.11410000175237656
linear_rmsprop_0.0001_sparse_categorical_crossentropy_5000_200_gray_norm,linear,rmsprop,True,True,True,2.226994514465332,0.14852499961853027,0,False,False,2.2268409729003906,0.1492999941110611
linear_rmsprop_0.0001_sparse_categorical_crossentropy_5000_200_norm,linear,rmsprop,True,True,False,2.206104278564453,0.16882500052452087,0,False,False,2.2069785594940186,0.16850000619888306
linear_sgd_0.0001_sparse_categorical_crossentropy_5000_200,linear,sgd,True,False,False,2.1059155464172363,0.16872499883174896,0,False,False,2.1177101135253906,0.16830000281333923
linear_sgd_0.0001_sparse_categorical_crossentropy_5000_200_gray,linear,sgd,True,False,True,2.2074239253997803,0.1527249962091446,0,False,False,2.2100489139556885,0.15459999442100525
linear_sgd_0.0001_sparse_categorical_crossentropy_5000_200_gray_norm,linear,sgd,True,True,True,2.30500864982605,0.09292499721050262,0,False,False,2.3050127029418945,0.09390000253915787
linear_sgd_0.0001_sparse_categorical_crossentropy_5000_200_norm,linear,sgd,True,True,False,2.266578197479248,0.14362500607967377,0,False,False,2.2686662673950195,0.14429999887943268
relu_adadelta_0.0001_sparse_categorical_crossentropy_5000_200,relu,adadelta,True,False,False,2.3436086177825928,0.10152500122785568,0,False,False,2.3488073348999023,0.09549999982118607
relu_adadelta_0.0001_sparse_categorical_crossentropy_5000_200_gray,relu,adadelta,True,False,True,32.07370376586914,0.10532499849796295,0,False,False,31.57579803466797,0.10130000114440918
relu_adadelta_0.0001_sparse_categorical_crossentropy_5000_200_gray_norm,relu,adadelta,True,True,True,2.30552339553833,0.10050000250339508,0,False,False,2.3059487342834473,0.10180000215768814
relu_adadelta_0.0001_sparse_categorical_crossentropy_5000_200_norm,relu,adadelta,True,True,False,2.3039333820343018,0.09894999861717224,0,False,False,2.304196357727051,0.09860000014305115
relu_adagrad_0.0001_sparse_categorical_crossentropy_5000_200,relu,adagrad,True,False,False,2.303635835647583,0.10119999945163727,0,False,False,2.302591323852539,0.09520000219345093
relu_adagrad_0.0001_sparse_categorical_crossentropy_5000_200_gray,relu,adagrad,True,False,True,2.725937843322754,0.09889999777078629,0,False,False,2.6419901847839355,0.09600000083446503
relu_adagrad_0.0001_sparse_categorical_crossentropy_5000_200_gray_norm,relu,adagrad,True,True,True,2.3028433322906494,0.10107500106096268,0,False,False,2.3028061389923096,0.09470000118017197
relu_adagrad_0.0001_sparse_categorical_crossentropy_5000_200_norm,relu,adagrad,True,True,False,2.302652359008789,0.10102500021457672,0,False,False,2.302705764770508,0.09549999982118607
relu_adamax_0.0001_sparse_categorical_crossentropy_5000_200,relu,adamax,True,False,False,2.305438756942749,0.10119999945163727,0,False,False,2.306577682495117,0.09520000219345093
relu_adamax_0.0001_sparse_categorical_crossentropy_5000_200_gray,relu,adamax,True,False,True,2.3025705814361572,0.10119999945163727,0,False,False,2.30269193649292,0.09520000219345093
relu_adamax_0.0001_sparse_categorical_crossentropy_5000_200_gray_norm,relu,adamax,True,True,True,2.2712903022766113,0.1463250070810318,0,False,False,2.271061658859253,0.14710000157356262
relu_adamax_0.0001_sparse_categorical_crossentropy_5000_200_norm,relu,adamax,True,True,False,2.2335307598114014,0.14442500472068787,0,False,False,2.2383315563201904,0.14350000023841858
relu_adam_0.0001_sparse_categorical_crossentropy_5000_200,relu,adam,True,False,False,2.3025119304656982,0.10122500360012054,0,False,False,2.3099255561828613,0.09510000050067902
relu_adam_0.0001_sparse_categorical_crossentropy_5000_200_gray,relu,adam,True,False,True,2.3025617599487305,0.10119999945163727,0,False,False,2.302814483642578,0.09520000219345093
relu_adam_0.0001_sparse_categorical_crossentropy_5000_200_gray_norm,relu,adam,True,True,True,2.277602195739746,0.15627500414848328,0,False,False,2.276322841644287,0.15729999542236328
relu_adam_0.0001_sparse_categorical_crossentropy_5000_200_norm,relu,adam,True,True,False,2.1959056854248047,0.16290000081062317,0,False,False,2.1977808475494385,0.16429999470710754
relu_ftrl_0.0001_sparse_categorical_crossentropy_5000_200,relu,ftrl,True,False,False,2.3025755882263184,0.10119999945163727,0,False,False,2.3026347160339355,0.09520000219345093
relu_ftrl_0.0001_sparse_categorical_crossentropy_5000_200_gray,relu,ftrl,True,False,True,2.3209753036499023,0.10114999860525131,0,False,False,2.303258180618286,0.09529999643564224
relu_ftrl_0.0001_sparse_categorical_crossentropy_5000_200_gray_norm,relu,ftrl,True,True,True,2.3025755882263184,0.10119999945163727,0,False,False,2.3026351928710938,0.09520000219345093
relu_ftrl_0.0001_sparse_categorical_crossentropy_5000_200_norm,relu,ftrl,True,True,False,2.3025758266448975,0.10119999945163727,0,False,False,2.3026344776153564,0.09520000219345093
relu_nadam_0.0001_sparse_categorical_crossentropy_5000_200,relu,nadam,True,False,False,2.3031716346740723,0.10122500360012054,0,False,False,2.3071255683898926,0.09520000219345093
relu_nadam_0.0001_sparse_categorical_crossentropy_5000_200_gray,relu,nadam,True,False,True,2.313213586807251,0.10114999860525131,0,False,False,2.3107612133026123,0.09520000219345093
relu_nadam_0.0001_sparse_categorical_crossentropy_5000_200_gray_norm,relu,nadam,True,True,True,2.2574360370635986,0.12195000052452087,0,False,False,2.257863998413086,0.12319999933242798
relu_nadam_0.0001_sparse_categorical_crossentropy_5000_200_norm,relu,nadam,True,True,False,2.2104129791259766,0.17059999704360962,0,False,False,2.212153196334839,0.16779999434947968
relu_rmsprop_0.0001_sparse_categorical_crossentropy_5000_200,relu,rmsprop,True,False,False,2.3025712966918945,0.10119999945163727,0,False,False,2.302722930908203,0.09520000219345093
relu_rmsprop_0.0001_sparse_categorical_crossentropy_5000_200_gray,relu,rmsprop,True,False,True,2.3025710582733154,0.10119999945163727,0,False,False,2.3027234077453613,0.09520000219345093
relu_rmsprop_0.0001_sparse_categorical_crossentropy_5000_200_gray_norm,relu,rmsprop,True,True,True,2.2994089126586914,0.11162500083446503,0,False,False,2.2993030548095703,0.11050000041723251
relu_rmsprop_0.0001_sparse_categorical_crossentropy_5000_200_norm,relu,rmsprop,True,True,False,2.160977840423584,0.165474995970726,0,False,False,2.1652672290802,0.1582999974489212
relu_sgd_0.0001_sparse_categorical_crossentropy_5000_200,relu,sgd,True,False,False,2.302584409713745,0.10119999945163727,0,False,False,2.3025870323181152,0.09520000219345093
relu_sgd_0.0001_sparse_categorical_crossentropy_5000_200_gray,relu,sgd,True,False,True,2.302584648132324,0.10119999945163727,0,False,False,2.3025870323181152,0.09520000219345093
relu_sgd_0.0001_sparse_categorical_crossentropy_5000_200_gray_norm,relu,sgd,True,True,True,2.2978999614715576,0.11812499910593033,0,False,False,2.2972917556762695,0.10949999839067459
relu_sgd_0.0001_sparse_categorical_crossentropy_5000_200_norm,relu,sgd,True,True,False,2.302572011947632,0.10117500275373459,0,False,False,2.3025827407836914,0.09470000118017197
selu_adadelta_0.0001_sparse_categorical_crossentropy_5000_200,selu,adadelta,True,False,False,50.296810150146484,0.10930000245571136,0,False,False,49.962684631347656,0.10980000346899033
selu_adadelta_0.0001_sparse_categorical_crossentropy_5000_200_gray,selu,adadelta,True,False,True,2.630618095397949,0.1002499982714653,0,False,False,2.614807605743408,0.0997999981045723
selu_adadelta_0.0001_sparse_categorical_crossentropy_5000_200_gray_norm,selu,adadelta,True,True,True,2.317882537841797,0.09754999727010727,0,False,False,2.316798448562622,0.09449999779462814
selu_adagrad_0.0001_sparse_categorical_crossentropy_5000_200,selu,adagrad,True,False,False,2.5635924339294434,0.10032500326633453,0,False,False,2.547459363937378,0.09790000319480896
selu_adagrad_0.0001_sparse_categorical_crossentropy_5000_200_gray,selu,adagrad,True,False,True,2.672410011291504,0.1010499969124794,0,False,False,2.6918046474456787,0.09510000050067902
selu_adagrad_0.0001_sparse_categorical_crossentropy_5000_200_gray_norm,selu,adagrad,True,True,True,2.3013253211975098,0.10087499767541885,0,False,False,2.3017537593841553,0.10029999911785126
selu_adamax_0.0001_sparse_categorical_crossentropy_5000_200,selu,adamax,True,False,False,2.3966598510742188,0.09937500208616257,0,False,False,2.3976597785949707,0.10249999910593033
selu_adamax_0.0001_sparse_categorical_crossentropy_5000_200_gray,selu,adamax,True,False,True,2.416226387023926,0.09950000047683716,0,False,False,2.411451578140259,0.10220000147819519
selu_adamax_0.0001_sparse_categorical_crossentropy_5000_200_gray_norm,selu,adamax,True,True,True,2.257578134536743,0.1393750011920929,0,False,False,2.258070945739746,0.13459999859333038
selu_adam_0.0001_sparse_categorical_crossentropy_5000_200,selu,adam,True,False,False,2.4432191848754883,0.10057500004768372,0,False,False,2.4489388465881348,0.09769999980926514
selu_adam_0.0001_sparse_categorical_crossentropy_5000_200_gray,selu,adam,True,False,True,2.3536245822906494,0.10050000250339508,0,False,False,2.3559231758117676,0.09799999743700027
selu_adam_0.0001_sparse_categorical_crossentropy_5000_200_gray_norm,selu,adam,True,True,True,2.2624123096466064,0.14842499792575836,0,False,False,2.2642922401428223,0.14810000360012054
selu_ftrl_0.0001_sparse_categorical_crossentropy_5000_200,selu,ftrl,True,False,False,2.357361078262329,0.10007499903440475,0,False,False,2.3610517978668213,0.09969999641180038
selu_ftrl_0.0001_sparse_categorical_crossentropy_5000_200_gray,selu,ftrl,True,False,True,2.5523383617401123,0.10117500275373459,0,False,False,2.558908462524414,0.09520000219345093
selu_ftrl_0.0001_sparse_categorical_crossentropy_5000_200_gray_norm,selu,ftrl,True,True,True,2.301913261413574,0.1138250008225441,0,False,False,2.301935911178589,0.11729999631643295
selu_nadam_0.0001_sparse_categorical_crossentropy_5000_200,selu,nadam,True,False,False,2.3470959663391113,0.09995000064373016,0,False,False,2.3455681800842285,0.10029999911785126
selu_nadam_0.0001_sparse_categorical_crossentropy_5000_200_gray,selu,nadam,True,False,True,2.383681058883667,0.09965000301599503,0,False,False,2.3818154335021973,0.1014999970793724
selu_nadam_0.0001_sparse_categorical_crossentropy_5000_200_gray_norm,selu,nadam,True,True,True,2.2696304321289062,0.12927499413490295,0,False,False,2.269209384918213,0.1306000053882599
selu_rmsprop_0.0001_sparse_categorical_crossentropy_5000_200,selu,rmsprop,True,False,False,2.341536521911621,0.09965000301599503,0,False,False,2.3420376777648926,0.10140000283718109
selu_rmsprop_0.0001_sparse_categorical_crossentropy_5000_200_gray,selu,rmsprop,True,False,True,2.3766608238220215,0.10012499988079071,0,False,False,2.375758171081543,0.09969999641180038
selu_rmsprop_0.0001_sparse_categorical_crossentropy_5000_200_gray_norm,selu,rmsprop,True,True,True,2.2586212158203125,0.1432500034570694,0,False,False,2.2619681358337402,0.1404000073671341
selu_sgd_0.0001_sparse_categorical_crossentropy_5000_200,selu,sgd,True,False,False,2.5753111839294434,0.09965000301599503,0,False,False,2.56843900680542,0.10140000283718109
selu_sgd_0.0001_sparse_categorical_crossentropy_5000_200_gray,selu,sgd,True,False,True,2.5298235416412354,0.10050000250339508,0,False,False,2.5438106060028076,0.09799999743700027
selu_sgd_0.0001_sparse_categorical_crossentropy_5000_200_gray_norm,selu,sgd,True,True,True,2.315809726715088,0.13212500512599945,0,False,False,2.3171768188476562,0.13130000233650208
sigmoid_adadelta_0.0001_sparse_categorical_crossentropy_5000_200,sigmoid,adadelta,True,False,False,2.3226335048675537,0.09322500228881836,0,False,False,2.3235936164855957,0.09470000118017197
sigmoid_adadelta_0.0001_sparse_categorical_crossentropy_5000_200_gray,sigmoid,adadelta,True,False,True,2.3019514083862305,0.1143999993801117,0,False,False,2.30324125289917,0.1062999963760376
sigmoid_adadelta_0.0001_sparse_categorical_crossentropy_5000_200_gray_norm,sigmoid,adadelta,True,True,True,2.321384906768799,0.0994499996304512,0,False,False,2.3207015991210938,0.10220000147819519
sigmoid_adadelta_0.0001_sparse_categorical_crossentropy_5000_200_norm,sigmoid,adadelta,True,True,False,2.306875228881836,0.09937500208616257,0,False,False,2.3062562942504883,0.10249999910593033
sigmoid_adagrad_0.0001_sparse_categorical_crossentropy_5000_200,sigmoid,adagrad,True,False,False,2.3670356273651123,0.09997499734163284,0,False,False,2.3645756244659424,0.09740000218153
sigmoid_adagrad_0.0001_sparse_categorical_crossentropy_5000_200_gray,sigmoid,adagrad,True,False,True,2.299471139907837,0.11407499760389328,0,False,False,2.3012404441833496,0.1111999973654747
sigmoid_adagrad_0.0001_sparse_categorical_crossentropy_5000_200_gray_norm,sigmoid,adagrad,True,True,True,2.3106279373168945,0.09937500208616257,0,False,False,2.3109796047210693,0.10249999910593033
sigmoid_adagrad_0.0001_sparse_categorical_crossentropy_5000_200_norm,sigmoid,adagrad,True,True,False,2.3001065254211426,0.10007499903440475,0,False,False,2.300259590148926,0.09969999641180038
sigmoid_adamax_0.0001_sparse_categorical_crossentropy_5000_200,sigmoid,adamax,True,False,False,2.3017282485961914,0.10080000013113022,0,False,False,2.302262306213379,0.09539999812841415
sigmoid_adamax_0.0001_sparse_categorical_crossentropy_5000_200_gray,sigmoid,adamax,True,False,True,2.302548885345459,0.10119999945163727,0,False,False,2.30265474319458,0.09520000219345093
sigmoid_adamax_0.0001_sparse_categorical_crossentropy_5000_200_gray_norm,sigmoid,adamax,True,True,True,2.29207181930542,0.11320000141859055,0,False,False,2.2922072410583496,0.10819999873638153
sigmoid_adamax_0.0001_sparse_categorical_crossentropy_5000_200_norm,sigmoid,adamax,True,True,False,2.3026695251464844,0.09847500175237656,0,False,False,2.3028645515441895,0.09300000220537186
sigmoid_adam_0.0001_sparse_categorical_crossentropy_5000_200,sigmoid,adam,True,False,False,2.2497620582580566,0.15242500603199005,0,False,False,2.2553043365478516,0.14790000021457672
sigmoid_adam_0.0001_sparse_categorical_crossentropy_5000_200_gray,sigmoid,adam,True,False,True,2.3019914627075195,0.10119999945163727,0,False,False,2.3029427528381348,0.09489999711513519
sigmoid_adam_0.0001_sparse_categorical_crossentropy_5000_200_gray_norm,sigmoid,adam,True,True,True,2.271314859390259,0.16210000216960907,0,False,False,2.2712669372558594,0.16509999334812164
sigmoid_adam_0.0001_sparse_categorical_crossentropy_5000_200_norm,sigmoid,adam,True,True,False,2.302588939666748,0.10010000318288803,0,False,False,2.3027544021606445,0.09369999915361404
sigmoid_ftrl_0.0001_sparse_categorical_crossentropy_5000_200,sigmoid,ftrl,True,False,False,2.2864439487457275,0.17589999735355377,0,False,False,2.287614107131958,0.17239999771118164
sigmoid_ftrl_0.0001_sparse_categorical_crossentropy_5000_200_gray,sigmoid,ftrl,True,False,True,2.2927680015563965,0.1422249972820282,0,False,False,2.293060302734375,0.1420000046491623
sigmoid_ftrl_0.0001_sparse_categorical_crossentropy_5000_200_gray_norm,sigmoid,ftrl,True,True,True,2.302574396133423,0.10119999945163727,0,False,False,2.302644968032837,0.09520000219345093
sigmoid_ftrl_0.0001_sparse_categorical_crossentropy_5000_200_norm,sigmoid,ftrl,True,True,False,2.302572727203369,0.10119999945163727,0,False,False,2.302645206451416,0.09520000219345093
sigmoid_nadam_0.0001_sparse_categorical_crossentropy_5000_200,sigmoid,nadam,True,False,False,2.304466962814331,0.10782500356435776,0,False,False,2.3022007942199707,0.09589999914169312
sigmoid_nadam_0.0001_sparse_categorical_crossentropy_5000_200_gray,sigmoid,nadam,True,False,True,2.3025410175323486,0.10125000029802322,0,False,False,2.3026821613311768,0.09520000219345093
sigmoid_nadam_0.0001_sparse_categorical_crossentropy_5000_200_gray_norm,sigmoid,nadam,True,True,True,2.264573574066162,0.1362999975681305,0,False,False,2.2642316818237305,0.13779999315738678
sigmoid_nadam_0.0001_sparse_categorical_crossentropy_5000_200_norm,sigmoid,nadam,True,True,False,2.2244410514831543,0.1862500011920929,0,False,False,2.2262654304504395,0.18000000715255737
sigmoid_rmsprop_0.0001_sparse_categorical_crossentropy_5000_200,sigmoid,rmsprop,True,False,False,2.268183946609497,0.12707500159740448,0,False,False,2.2710323333740234,0.12359999865293503
sigmoid_rmsprop_0.0001_sparse_categorical_crossentropy_5000_200_gray,sigmoid,rmsprop,True,False,True,2.2903976440429688,0.12207499891519547,0,False,False,2.293684959411621,0.11890000104904175
sigmoid_rmsprop_0.0001_sparse_categorical_crossentropy_5000_200_gray_norm,sigmoid,rmsprop,True,True,True,2.2408559322357178,0.15512500703334808,0,False,False,2.242487907409668,0.15410000085830688
sigmoid_rmsprop_0.0001_sparse_categorical_crossentropy_5000_200_norm,sigmoid,rmsprop,True,True,False,2.2772879600524902,0.1561499983072281,0,False,False,2.278149366378784,0.15320000052452087
sigmoid_sgd_0.0001_sparse_categorical_crossentropy_5000_200,sigmoid,sgd,True,False,False,2.3062286376953125,0.0979750007390976,0,False,False,2.3093745708465576,0.09510000050067902
sigmoid_sgd_0.0001_sparse_categorical_crossentropy_5000_200_gray,sigmoid,sgd,True,False,True,2.3027095794677734,0.10000000149011612,0,False,False,2.303290367126465,0.10000000149011612
sigmoid_sgd_0.0001_sparse_categorical_crossentropy_5000_200_gray_norm,sigmoid,sgd,True,True,True,2.3122055530548096,0.10007499903440475,0,False,False,2.311756134033203,0.09969999641180038
sigmoid_sgd_0.0001_sparse_categorical_crossentropy_5000_200_norm,sigmoid,sgd,True,True,False,2.3094794750213623,0.09965000301599503,0,False,False,2.3084042072296143,0.10140000283718109
softplus_adadelta_0.0001_sparse_categorical_crossentropy_5000_200,softplus,adadelta,True,False,False,32.82368469238281,0.11477500200271606,0,False,False,33.384422302246094,0.11680000275373459
softplus_adadelta_0.0001_sparse_categorical_crossentropy_5000_200_gray,softplus,adadelta,True,False,True,2.7467310428619385,0.1012749969959259,0,False,False,2.832962989807129,0.09610000252723694
softplus_adadelta_0.0001_sparse_categorical_crossentropy_5000_200_gray_norm,softplus,adadelta,True,True,True,2.3108649253845215,0.09960000216960907,0,False,False,2.310789108276367,0.10159999877214432
softplus_adagrad_0.0001_sparse_categorical_crossentropy_5000_200,softplus,adagrad,True,False,False,2.3025383949279785,0.10122500360012054,0,False,False,2.302590847015381,0.09520000219345093
softplus_adagrad_0.0001_sparse_categorical_crossentropy_5000_200_gray,softplus,adagrad,True,False,True,2.30568528175354,0.10119999945163727,0,False,False,2.302590847015381,0.09520000219345093
softplus_adagrad_0.0001_sparse_categorical_crossentropy_5000_200_gray_norm,softplus,adagrad,True,True,True,2.3090896606445312,0.10057500004768372,0,False,False,2.3099632263183594,0.09769999980926514
softplus_adamax_0.0001_sparse_categorical_crossentropy_5000_200,softplus,adamax,True,False,False,2.302737236022949,0.10119999945163727,0,False,False,2.3026909828186035,0.09520000219345093
softplus_adamax_0.0001_sparse_categorical_crossentropy_5000_200_gray,softplus,adamax,True,False,True,2.3025901317596436,0.10117500275373459,0,False,False,2.3092269897460938,0.09520000219345093
softplus_adamax_0.0001_sparse_categorical_crossentropy_5000_200_gray_norm,softplus,adamax,True,True,True,2.302649974822998,0.09107500314712524,0,False,False,2.302870035171509,0.08810000121593475
softplus_adam_0.0001_sparse_categorical_crossentropy_5000_200,softplus,adam,True,False,False,2.3025498390197754,0.10119999945163727,0,False,False,2.302722692489624,0.09520000219345093
softplus_adam_0.0001_sparse_categorical_crossentropy_5000_200_gray,softplus,adam,True,False,True,2.303572416305542,0.10109999775886536,0,False,False,2.302712917327881,0.09520000219345093
softplus_adam_0.0001_sparse_categorical_crossentropy_5000_200_gray_norm,softplus,adam,True,True,True,2.3027753829956055,0.10042499750852585,0,False,False,2.302888870239258,0.09260000288486481
softplus_ftrl_0.0001_sparse_categorical_crossentropy_5000_200,softplus,ftrl,True,False,False,2.3026552200317383,0.10119999945163727,0,False,False,2.3024086952209473,0.09529999643564224
softplus_ftrl_0.0001_sparse_categorical_crossentropy_5000_200_gray,softplus,ftrl,True,False,True,2.302574396133423,0.10125000029802322,0,False,False,2.3026368618011475,0.09520000219345093
softplus_ftrl_0.0001_sparse_categorical_crossentropy_5000_200_gray_norm,softplus,ftrl,True,True,True,2.3025715351104736,0.10119999945163727,0,False,False,2.3026556968688965,0.09520000219345093
softplus_nadam_0.0001_sparse_categorical_crossentropy_5000_200,softplus,nadam,True,False,False,2.3025143146514893,0.10119999945163727,0,False,False,2.3027122020721436,0.09520000219345093
softplus_nadam_0.0001_sparse_categorical_crossentropy_5000_200_gray,softplus,nadam,True,False,True,2.3051934242248535,0.10122500360012054,0,False,False,2.3162808418273926,0.09510000050067902
softplus_nadam_0.0001_sparse_categorical_crossentropy_5000_200_gray_norm,softplus,nadam,True,True,True,2.294461250305176,0.11707500368356705,0,False,False,2.2953827381134033,0.1143999993801117
softplus_rmsprop_0.0001_sparse_categorical_crossentropy_5000_200,softplus,rmsprop,True,False,False,2.3025176525115967,0.10119999945163727,0,False,False,2.3027243614196777,0.09520000219345093
softplus_rmsprop_0.0001_sparse_categorical_crossentropy_5000_200_gray,softplus,rmsprop,True,False,True,2.302272319793701,0.10132499784231186,0,False,False,2.302736282348633,0.09520000219345093
softplus_rmsprop_0.0001_sparse_categorical_crossentropy_5000_200_gray_norm,softplus,rmsprop,True,True,True,2.302476167678833,0.10087499767541885,0,False,False,2.3028037548065186,0.09520000219345093
softplus_sgd_0.0001_sparse_categorical_crossentropy_5000_200,softplus,sgd,True,False,False,2.302584648132324,0.10119999945163727,0,False,False,2.3025870323181152,0.09520000219345093
softplus_sgd_0.0001_sparse_categorical_crossentropy_5000_200_gray,softplus,sgd,True,False,True,2.302605390548706,0.10119999945163727,0,False,False,2.3025870323181152,0.09520000219345093
softplus_sgd_0.0001_sparse_categorical_crossentropy_5000_200_gray_norm,softplus,sgd,True,True,True,2.3113982677459717,0.09937500208616257,0,False,False,2.3102834224700928,0.10249999910593033
softsign_adadelta_0.0001_sparse_categorical_crossentropy_5000_200,softsign,adadelta,True,False,False,2.3687946796417236,0.1010499969124794,0,False,False,2.37180233001709,0.0957999974489212
softsign_adadelta_0.0001_sparse_categorical_crossentropy_5000_200_gray,softsign,adadelta,True,False,True,2.3868634700775146,0.10125000029802322,0,False,False,2.3892316818237305,0.09529999643564224
softsign_adadelta_0.0001_sparse_categorical_crossentropy_5000_200_gray_norm,softsign,adadelta,True,True,True,2.308901071548462,0.09457500278949738,0,False,False,2.30912446975708,0.09870000183582306
softsign_adagrad_0.0001_sparse_categorical_crossentropy_5000_200,softsign,adagrad,True,False,False,2.2652225494384766,0.15277500450611115,0,False,False,2.2711544036865234,0.15240000188350677
softsign_adagrad_0.0001_sparse_categorical_crossentropy_5000_200_gray,softsign,adagrad,True,False,True,2.3650786876678467,0.10275000333786011,0,False,False,2.366837501525879,0.10350000113248825
softsign_adagrad_0.0001_sparse_categorical_crossentropy_5000_200_gray_norm,softsign,adagrad,True,True,True,2.2985386848449707,0.1116499975323677,0,False,False,2.297438144683838,0.11150000244379044
softsign_adamax_0.0001_sparse_categorical_crossentropy_5000_200,softsign,adamax,True,False,False,2.191385507583618,0.16695000231266022,0,False,False,2.1933882236480713,0.16779999434947968
softsign_adamax_0.0001_sparse_categorical_crossentropy_5000_200_gray,softsign,adamax,True,False,True,2.290083646774292,0.13757500052452087,0,False,False,2.2965755462646484,0.13819999992847443
softsign_adamax_0.0001_sparse_categorical_crossentropy_5000_200_gray_norm,softsign,adamax,True,True,True,2.2537615299224854,0.15905000269412994,0,False,False,2.25338077545166,0.15850000083446503
softsign_adam_0.0001_sparse_categorical_crossentropy_5000_200,softsign,adam,True,False,False,2.2592201232910156,0.14875000715255737,0,False,False,2.268618106842041,0.14749999344348907
softsign_adam_0.0001_sparse_categorical_crossentropy_5000_200_gray,softsign,adam,True,False,True,2.281312942504883,0.1295499950647354,0,False,False,2.287564754486084,0.12710000574588776
softsign_adam_0.0001_sparse_categorical_crossentropy_5000_200_gray_norm,softsign,adam,True,True,True,2.250096321105957,0.15412500500679016,0,False,False,2.25253963470459,0.15459999442100525
softsign_ftrl_0.0001_sparse_categorical_crossentropy_5000_200,softsign,ftrl,True,False,False,2.2636539936065674,0.17167499661445618,0,False,False,2.26509952545166,0.16899999976158142
softsign_ftrl_0.0001_sparse_categorical_crossentropy_5000_200_gray,softsign,ftrl,True,False,True,2.2792961597442627,0.1477999985218048,0,False,False,2.279714584350586,0.1476999968290329
softsign_ftrl_0.0001_sparse_categorical_crossentropy_5000_200_gray_norm,softsign,ftrl,True,True,True,2.3025553226470947,0.10119999945163727,0,False,False,2.302612781524658,0.09520000219345093
softsign_nadam_0.0001_sparse_categorical_crossentropy_5000_200,softsign,nadam,True,False,False,2.266970634460449,0.16335000097751617,0,False,False,2.270071506500244,0.16200000047683716
softsign_nadam_0.0001_sparse_categorical_crossentropy_5000_200_gray,softsign,nadam,True,False,True,2.283031702041626,0.14640000462532043,0,False,False,2.290438175201416,0.14589999616146088
softsign_nadam_0.0001_sparse_categorical_crossentropy_5000_200_gray_norm,softsign,nadam,True,True,True,2.26729679107666,0.1602499932050705,0,False,False,2.2685651779174805,0.16040000319480896
softsign_rmsprop_0.0001_sparse_categorical_crossentropy_5000_200,softsign,rmsprop,True,False,False,2.2204642295837402,0.15862500667572021,0,False,False,2.2316107749938965,0.14949999749660492
softsign_rmsprop_0.0001_sparse_categorical_crossentropy_5000_200_gray,softsign,rmsprop,True,False,True,2.2386748790740967,0.1554500013589859,0,False,False,2.241772174835205,0.15189999341964722
softsign_rmsprop_0.0001_sparse_categorical_crossentropy_5000_200_gray_norm,softsign,rmsprop,True,True,True,2.204730749130249,0.14910000562667847,0,False,False,2.205700397491455,0.14720000326633453
softsign_sgd_0.0001_sparse_categorical_crossentropy_5000_200,softsign,sgd,True,False,False,2.270186185836792,0.11964999884366989,0,False,False,2.2745132446289062,0.11559999734163284
softsign_sgd_0.0001_sparse_categorical_crossentropy_5000_200_gray,softsign,sgd,True,False,True,2.3778018951416016,0.09822499752044678,0,False,False,2.383769989013672,0.09260000288486481
softsign_sgd_0.0001_sparse_categorical_crossentropy_5000_200_gray_norm,softsign,sgd,True,True,True,2.28913950920105,0.12030000239610672,0,False,False,2.288360595703125,0.12020000070333481
tanh_adadelta_0.0001_sparse_categorical_crossentropy_5000_200,tanh,adadelta,True,False,False,2.368926763534546,0.10014999657869339,0,False,False,2.3690109252929688,0.1014999970793724
tanh_adadelta_0.0001_sparse_categorical_crossentropy_5000_200_gray,tanh,adadelta,True,False,True,2.3439342975616455,0.10474999994039536,0,False,False,2.342528820037842,0.10679999738931656
tanh_adadelta_0.0001_sparse_categorical_crossentropy_5000_200_gray_norm,tanh,adadelta,True,True,True,2.3153324127197266,0.09657499939203262,0,False,False,2.3143653869628906,0.0934000015258789
tanh_adadelta_0.0001_sparse_categorical_crossentropy_5000_200_norm,tanh,adadelta,True,True,False,2.3010573387145996,0.10547500103712082,0,False,False,2.2993717193603516,0.1120000034570694
tanh_adagrad_0.0001_sparse_categorical_crossentropy_5000_200,tanh,adagrad,True,False,False,2.3047432899475098,0.12065000087022781,0,False,False,2.3047382831573486,0.12470000237226486
tanh_adagrad_0.0001_sparse_categorical_crossentropy_5000_200_gray,tanh,adagrad,True,False,True,2.4035348892211914,0.09962499886751175,0,False,False,2.397775173187256,0.10140000283718109
tanh_adagrad_0.0001_sparse_categorical_crossentropy_5000_200_gray_norm,tanh,adagrad,True,True,True,2.3070178031921387,0.09702499955892563,0,False,False,2.307435989379883,0.09790000319480896
tanh_adagrad_0.0001_sparse_categorical_crossentropy_5000_200_norm,tanh,adagrad,True,True,False,2.2945518493652344,0.1060749962925911,0,False,False,2.2955820560455322,0.10499999672174454
tanh_adamax_0.0001_sparse_categorical_crossentropy_5000_200,tanh,adamax,True,False,False,2.312295913696289,0.09952499717473984,0,False,False,2.3099875450134277,0.10220000147819519
tanh_adamax_0.0001_sparse_categorical_crossentropy_5000_200_gray,tanh,adamax,True,False,True,2.320761203765869,0.10180000215768814,0,False,False,2.3195314407348633,0.10379999876022339
tanh_adamax_0.0001_sparse_categorical_crossentropy_5000_200_gray_norm,tanh,adamax,True,True,True,2.250866174697876,0.14855000376701355,0,False,False,2.2543585300445557,0.15150000154972076
tanh_adamax_0.0001_sparse_categorical_crossentropy_5000_200_norm,tanh,adamax,True,True,False,2.2256228923797607,0.16767500340938568,0,False,False,2.229961395263672,0.16619999706745148
tanh_adam_0.0001_sparse_categorical_crossentropy_5000_200,tanh,adam,True,False,False,2.314894437789917,0.09960000216960907,0,False,False,2.315406322479248,0.10170000046491623
tanh_adam_0.0001_sparse_categorical_crossentropy_5000_200_gray,tanh,adam,True,False,True,2.2761967182159424,0.13725000619888306,0,False,False,2.278033494949341,0.14010000228881836
tanh_adam_0.0001_sparse_categorical_crossentropy_5000_200_gray_norm,tanh,adam,True,True,True,2.245119571685791,0.15427500009536743,0,False,False,2.246880292892456,0.15369999408721924
tanh_adam_0.0001_sparse_categorical_crossentropy_5000_200_norm,tanh,adam,True,True,False,2.213196039199829,0.17417499423027039,0,False,False,2.215212106704712,0.17069999873638153
tanh_ftrl_0.0001_sparse_categorical_crossentropy_5000_200,tanh,ftrl,True,False,False,2.30257511138916,0.10119999945163727,0,False,False,2.3027467727661133,0.09520000219345093
tanh_ftrl_0.0001_sparse_categorical_crossentropy_5000_200_gray,tanh,ftrl,True,False,True,2.278228521347046,0.1626249998807907,0,False,False,2.278085231781006,0.16290000081062317
tanh_ftrl_0.0001_sparse_categorical_crossentropy_5000_200_gray_norm,tanh,ftrl,True,True,True,2.302387237548828,0.1012749969959259,0,False,False,2.302433490753174,0.09520000219345093
tanh_ftrl_0.0001_sparse_categorical_crossentropy_5000_200_norm,tanh,ftrl,True,True,False,2.3002941608428955,0.1421000063419342,0,False,False,2.300276041030884,0.14300000667572021
tanh_nadam_0.0001_sparse_categorical_crossentropy_5000_200,tanh,nadam,True,False,False,2.3187947273254395,0.09929999709129333,0,False,False,2.3191490173339844,0.10249999910593033
tanh_nadam_0.0001_sparse_categorical_crossentropy_5000_200_gray,tanh,nadam,True,False,True,2.3258862495422363,0.09947499632835388,0,False,False,2.3254737854003906,0.10220000147819519
tanh_nadam_0.0001_sparse_categorical_crossentropy_5000_200_gray_norm,tanh,nadam,True,True,True,2.2444064617156982,0.1599999964237213,0,False,False,2.2442126274108887,0.15790000557899475
tanh_nadam_0.0001_sparse_categorical_crossentropy_5000_200_norm,tanh,nadam,True,True,False,2.2363147735595703,0.16847500205039978,0,False,False,2.240602970123291,0.1639000028371811
tanh_rmsprop_0.0001_sparse_categorical_crossentropy_5000_200,tanh,rmsprop,True,False,False,2.2390761375427246,0.15527500212192535,0,False,False,2.241305351257324,0.15850000083446503
tanh_rmsprop_0.0001_sparse_categorical_crossentropy_5000_200_gray,tanh,rmsprop,True,False,True,2.293666362762451,0.11397500336170197,0,False,False,2.297299861907959,0.11270000040531158
tanh_rmsprop_0.0001_sparse_categorical_crossentropy_5000_200_gray_norm,tanh,rmsprop,True,True,True,2.218453884124756,0.1579750031232834,0,False,False,2.21870493888855,0.15549999475479126
tanh_rmsprop_0.0001_sparse_categorical_crossentropy_5000_200_norm,tanh,rmsprop,True,True,False,2.2382447719573975,0.147475004196167,0,False,False,2.2405214309692383,0.14839999377727509
tanh_sgd_0.0001_sparse_categorical_crossentropy_5000_200,tanh,sgd,True,False,False,2.3550894260406494,0.09962499886751175,0,False,False,2.3542656898498535,0.10140000283718109
tanh_sgd_0.0001_sparse_categorical_crossentropy_5000_200_gray,tanh,sgd,True,False,True,2.3137645721435547,0.12172500044107437,0,False,False,2.3129076957702637,0.12470000237226486
tanh_sgd_0.0001_sparse_categorical_crossentropy_5000_200_gray_norm,tanh,sgd,True,True,True,2.301063299179077,0.12467499822378159,0,False,False,2.301180839538574,0.1251000016927719
tanh_sgd_0.0001_sparse_categorical_crossentropy_5000_200_norm,tanh,sgd,True,True,False,2.302097797393799,0.09939999878406525,0,False,False,2.3018712997436523,0.09880000352859497
