linear,adam,categorical_crossentropy,500,5000,0.0001,False,False
,9.911821365356445,9.911821365356445,0.10864999890327454,0.10864999890327454softsign,adagrad,categorical_crossentropy,500,5000,0.0001,False,False
,2.2463736534118652,2.2463736534118652,0.15907500684261322,0.15907500684261322softsign,ftrl,categorical_crossentropy,500,5000,0.0001,False,True
,2.302583932876587,2.302583932876587,0.10119999945163727,0.10119999945163727softmax,adamax,categorical_crossentropy,500,1000,0.0001,False,False
,2.311652183532715,2.311652183532715,0.10050000250339508,0.10050000250339508relu,adadelta,categorical_crossentropy,500,1000,0.0001,True,True
,2.310755729675293,2.310755729675293,0.10067500174045563,0.10067500174045563selu,ftrl,categorical_crossentropy,500,5000,0.0001,False,False
,2.3669843673706055,2.3669843673706055,0.09992499649524689,0.09992499649524689softmax,nadam,categorical_crossentropy,500,1000,0.0001,True,True
,2.303096294403076,2.303096294403076,0.09965000301599503,0.09965000301599503sigmoid,adagrad,categorical_crossentropy,500,5000,0.0001,False,True
,2.2921226024627686,2.2921226024627686,0.10032500326633453,0.10032500326633453elu,nadam,categorical_crossentropy,500,5000,0.0001,False,False
,2.343048095703125,2.343048095703125,0.09960000216960907,0.09960000216960907hard_sigmoid,adam,categorical_crossentropy,500,5000,0.0001,False,False
,2.3306987285614014,2.3306987285614014,0.09937500208616257,0.09937500208616257selu,nadam,categorical_crossentropy,500,5000,0.0001,True,False
,2.4895646572113037,2.4895646572113037,0.10052499920129776,0.10052499920129776linear,adadelta,categorical_crossentropy,500,1000,0.0001,True,True
,2.3022124767303467,2.3022124767303467,0.12380000203847885,0.12380000203847885tanh,ftrl,categorical_crossentropy,500,5000,0.0001,True,False
,2.3025848865509033,2.3025848865509033,0.10050000250339508,0.10050000250339508softmax,adadelta,categorical_crossentropy,500,5000,0.0001,True,True
,2.3422534465789795,2.3422534465789795,0.09992499649524689,0.09992499649524689softsign,rmsprop,categorical_crossentropy,500,1000,0.0001,False,False
,2.1256489753723145,2.1256489753723145,0.17447499930858612,0.17447499930858612elu,adam,categorical_crossentropy,500,5000,0.0001,True,False
,2.375917434692383,2.375917434692383,0.10007499903440475,0.10007499903440475tanh,adagrad,categorical_crossentropy,500,1000,0.0001,False,False
,2.3698668479919434,2.3698668479919434,0.09960000216960907,0.09960000216960907relu,ftrl,categorical_crossentropy,500,1000,0.0001,True,True
,2.3025829792022705,2.3025829792022705,0.10119999945163727,0.10119999945163727relu,adam,categorical_crossentropy,500,1000,0.0001,True,True
,2.302616596221924,2.302616596221924,0.10119999945163727,0.10119999945163727tanh,nadam,categorical_crossentropy,500,1000,0.0001,False,True
,2.081080198287964,2.081080198287964,0.18095000088214874,0.18095000088214874softmax,adam,categorical_crossentropy,500,5000,0.0001,True,False
,2.3416919708251953,2.3416919708251953,0.09965000301599503,0.09965000301599503softmax,ftrl,categorical_crossentropy,500,1000,0.0001,True,False
,2.3026046752929688,2.3026046752929688,0.09937500208616257,0.09937500208616257softmax,rmsprop,categorical_crossentropy,500,5000,0.0001,True,False
,2.3452742099761963,2.3452742099761963,0.10119999945163727,0.10119999945163727elu,adagrad,categorical_crossentropy,500,5000,0.0001,True,False
,2.387143611907959,2.387143611907959,0.10034999996423721,0.10034999996423721softmax,sgd,categorical_crossentropy,500,1000,0.0001,False,False
,2.3285746574401855,2.3285746574401855,0.09960000216960907,0.09960000216960907selu,adagrad,categorical_crossentropy,500,1000,0.0001,False,True
,2.2377662658691406,2.2377662658691406,0.15297499299049377,0.15297499299049377linear,rmsprop,categorical_crossentropy,500,1000,0.0001,False,False
,51.98533248901367,51.98533248901367,0.10464999824762344,0.10464999824762344selu,rmsprop,categorical_crossentropy,500,5000,0.0001,True,True
,2.254317283630371,2.254317283630371,0.14602500200271606,0.14602500200271606softsign,adadelta,categorical_crossentropy,500,1000,0.0001,False,False
,2.3730313777923584,2.3730313777923584,0.09937500208616257,0.09937500208616257softplus,ftrl,categorical_crossentropy,500,1000,0.0001,False,True
,2.3025784492492676,2.3025784492492676,0.09960000216960907,0.09960000216960907sigmoid,rmsprop,categorical_crossentropy,500,5000,0.0001,True,True
,2.2895257472991943,2.2895257472991943,0.11322499811649323,0.11322499811649323softplus,sgd,categorical_crossentropy,500,5000,0.0001,True,True
,2.3024818897247314,2.3024818897247314,0.10057500004768372,0.10057500004768372softmax,adagrad,categorical_crossentropy,500,5000,0.0001,False,False
,2.359116315841675,2.359116315841675,0.10050000250339508,0.10050000250339508hard_sigmoid,nadam,categorical_crossentropy,500,1000,0.0001,True,False
,2.211378335952759,2.211378335952759,0.15177500247955322,0.15177500247955322sigmoid,adamax,categorical_crossentropy,500,5000,0.0001,True,True
,2.3007428646087646,2.3007428646087646,0.09792499989271164,0.09792499989271164softplus,adam,categorical_crossentropy,500,5000,0.0001,False,False
,2.302582263946533,2.302582263946533,0.10119999945163727,0.10119999945163727selu,adagrad,categorical_crossentropy,500,5000,0.0001,True,True
,2.2936694622039795,2.2936694622039795,0.11502499878406525,0.11502499878406525relu,adadelta,categorical_crossentropy,500,5000,0.0001,False,True
,2.302733898162842,2.302733898162842,0.09510000050067902,0.09510000050067902softplus,sgd,categorical_crossentropy,500,1000,0.0001,False,True
,2.1617038249969482,2.1617038249969482,0.15972499549388885,0.15972499549388885tanh,rmsprop,categorical_crossentropy,500,5000,0.0001,False,False
,2.3926005363464355,2.3926005363464355,0.09960000216960907,0.09960000216960907sigmoid,rmsprop,categorical_crossentropy,500,1000,0.0001,False,True
,2.1093077659606934,2.1093077659606934,0.17599999904632568,0.17599999904632568linear,adagrad,categorical_crossentropy,500,5000,0.0001,True,False
,22.704561233520508,22.704561233520508,0.09932500123977661,0.09932500123977661selu,rmsprop,categorical_crossentropy,500,1000,0.0001,False,True
,2.0718843936920166,2.0718843936920166,0.1888750046491623,0.1888750046491623softsign,adamax,categorical_crossentropy,500,1000,0.0001,True,False
,2.2005929946899414,2.2005929946899414,0.15905000269412994,0.15905000269412994relu,nadam,categorical_crossentropy,500,5000,0.0001,True,True
,2.2386057376861572,2.2386057376861572,0.15854999423027039,0.15854999423027039sigmoid,adadelta,categorical_crossentropy,500,1000,0.0001,False,False
,2.3026318550109863,2.3026318550109863,0.1024250015616417,0.1024250015616417softsign,adagrad,categorical_crossentropy,500,5000,0.0001,True,True
,2.2887039184570312,2.2887039184570312,0.14332500100135803,0.14332500100135803softmax,adamax,categorical_crossentropy,500,1000,0.0001,True,True
,2.310159683227539,2.310159683227539,0.10057500004768372,0.10057500004768372softmax,nadam,categorical_crossentropy,500,1000,0.0001,False,False
,2.3042519092559814,2.3042519092559814,0.10057500004768372,0.10057500004768372elu,ftrl,categorical_crossentropy,500,5000,0.0001,True,False
,2.419661045074463,2.419661045074463,0.09937500208616257,0.09937500208616257hard_sigmoid,ftrl,categorical_crossentropy,500,1000,0.0001,False,True
,2.3025825023651123,2.3025825023651123,0.10119999945163727,0.10119999945163727hard_sigmoid,adamax,categorical_crossentropy,500,1000,0.0001,False,False
,2.305006742477417,2.305006742477417,0.10007499903440475,0.10007499903440475tanh,sgd,categorical_crossentropy,500,1000,0.0001,True,False
,2.3143091201782227,2.3143091201782227,0.0996749997138977,0.0996749997138977linear,nadam,categorical_crossentropy,500,1000,0.0001,True,True
,2.1542069911956787,2.1542069911956787,0.18072499334812164,0.18072499334812164elu,nadam,categorical_crossentropy,500,5000,0.0001,True,True
,2.254204273223877,2.254204273223877,0.14897499978542328,0.14897499978542328elu,adamax,categorical_crossentropy,500,1000,0.0001,True,True
,2.2604751586914062,2.2604751586914062,0.14502499997615814,0.14502499997615814hard_sigmoid,rmsprop,categorical_crossentropy,500,1000,0.0001,True,False
,2.3026161193847656,2.3026161193847656,0.10042499750852585,0.10042499750852585sigmoid,adam,categorical_crossentropy,500,1000,0.0001,True,True
,2.302630662918091,2.302630662918091,0.1005999967455864,0.1005999967455864tanh,ftrl,categorical_crossentropy,500,5000,0.0001,False,True
,2.302577018737793,2.302577018737793,0.10119999945163727,0.10119999945163727relu,adamax,categorical_crossentropy,500,1000,0.0001,False,False
,2.302581787109375,2.302581787109375,0.10119999945163727,0.10119999945163727selu,adam,categorical_crossentropy,500,5000,0.0001,False,False
,2.44787335395813,2.44787335395813,0.10007499903440475,0.10007499903440475linear,adamax,categorical_crossentropy,500,5000,0.0001,False,False
,12.664371490478516,12.664371490478516,0.11935000121593475,0.11935000121593475sigmoid,nadam,categorical_crossentropy,500,1000,0.0001,True,False
,2.302598237991333,2.302598237991333,0.10045000165700912,0.10045000165700912sigmoid,adamax,categorical_crossentropy,500,1000,0.0001,False,True
,2.181725025177002,2.181725025177002,0.16324999928474426,0.16324999928474426softsign,rmsprop,categorical_crossentropy,500,1000,0.0001,True,True
,2.18971848487854,2.18971848487854,0.1597999930381775,0.1597999930381775hard_sigmoid,adadelta,categorical_crossentropy,500,1000,0.0001,False,False
,2.305211305618286,2.305211305618286,0.10132499784231186,0.10132499784231186tanh,adagrad,categorical_crossentropy,500,1000,0.0001,True,True
,2.286160707473755,2.286160707473755,0.15209999680519104,0.15209999680519104relu,sgd,categorical_crossentropy,500,1000,0.0001,False,False
,2.3025803565979004,2.3025803565979004,0.10119999945163727,0.10119999945163727selu,sgd,categorical_crossentropy,500,5000,0.0001,True,False
,2.698305130004883,2.698305130004883,0.09960000216960907,0.09960000216960907relu,adam,categorical_crossentropy,500,1000,0.0001,False,False
,2.3026137351989746,2.3026137351989746,0.10119999945163727,0.10119999945163727relu,adagrad,categorical_crossentropy,500,1000,0.0001,True,False
,2.3036301136016846,2.3036301136016846,0.10117500275373459,0.10117500275373459tanh,nadam,categorical_crossentropy,500,1000,0.0001,True,False
,2.3064064979553223,2.3064064979553223,0.10050000250339508,0.10050000250339508softmax,adam,categorical_crossentropy,500,5000,0.0001,False,True
,2.3225135803222656,2.3225135803222656,0.10057500004768372,0.10057500004768372softmax,rmsprop,categorical_crossentropy,500,5000,0.0001,False,True
,2.3404901027679443,2.3404901027679443,0.10119999945163727,0.10119999945163727tanh,adamax,categorical_crossentropy,500,5000,0.0001,True,False
,2.316843032836914,2.316843032836914,0.10005000233650208,0.10005000233650208softsign,adam,categorical_crossentropy,500,1000,0.0001,False,False
,2.304121494293213,2.304121494293213,0.10057500004768372,0.10057500004768372hard_sigmoid,nadam,categorical_crossentropy,500,5000,0.0001,True,True
,2.2433135509490967,2.2433135509490967,0.14560000598430634,0.14560000598430634hard_sigmoid,adagrad,categorical_crossentropy,500,1000,0.0001,True,False
,2.3025999069213867,2.3025999069213867,0.10122500360012054,0.10122500360012054selu,adagrad,categorical_crossentropy,500,1000,0.0001,True,False
,2.507145643234253,2.507145643234253,0.10014999657869339,0.10014999657869339softmax,sgd,categorical_crossentropy,500,1000,0.0001,True,True
,2.3285465240478516,2.3285465240478516,0.10057500004768372,0.10057500004768372sigmoid,rmsprop,categorical_crossentropy,500,5000,0.0001,False,False
,2.302603006362915,2.302603006362915,0.09992499649524689,0.09992499649524689softplus,sgd,categorical_crossentropy,500,5000,0.0001,False,False
,2.302583932876587,2.302583932876587,0.10119999945163727,0.10119999945163727hard_sigmoid,nadam,categorical_crossentropy,500,1000,0.0001,False,True
,2.1572141647338867,2.1572141647338867,0.17637500166893005,0.17637500166893005softplus,adam,categorical_crossentropy,500,5000,0.0001,True,True
,2.3028454780578613,2.3028454780578613,0.09870000183582306,0.09870000183582306softsign,adagrad,categorical_crossentropy,500,1000,0.0001,False,True
,2.274742603302002,2.274742603302002,0.14464999735355377,0.14464999735355377relu,adadelta,categorical_crossentropy,500,5000,0.0001,True,False
,2.3025851249694824,2.3025851249694824,0.10119999945163727,0.10119999945163727sigmoid,sgd,categorical_crossentropy,500,5000,0.0001,False,True
,2.2977991104125977,2.2977991104125977,0.09992499649524689,0.09992499649524689softplus,rmsprop,categorical_crossentropy,500,5000,0.0001,False,True
,2.2760300636291504,2.2760300636291504,0.10275000333786011,0.10275000333786011elu,sgd,categorical_crossentropy,500,1000,0.0001,True,True
,2.226215124130249,2.226215124130249,0.14880000054836273,0.14880000054836273tanh,rmsprop,categorical_crossentropy,500,5000,0.0001,True,True
,2.241320848464966,2.241320848464966,0.15222500264644623,0.15222500264644623linear,adagrad,categorical_crossentropy,500,5000,0.0001,False,True
,2.28920578956604,2.28920578956604,0.11237499862909317,0.11237499862909317selu,rmsprop,categorical_crossentropy,500,1000,0.0001,True,False
,2.3071577548980713,2.3071577548980713,0.10007499903440475,0.10007499903440475softsign,adamax,categorical_crossentropy,500,1000,0.0001,False,True
,2.0761735439300537,2.0761735439300537,0.18410000205039978,0.18410000205039978relu,nadam,categorical_crossentropy,500,5000,0.0001,False,False
,2.3025856018066406,2.3025856018066406,0.10119999945163727,0.10119999945163727linear,sgd,categorical_crossentropy,500,5000,0.0001,False,False
,nan,nan,0.09880000352859497,0.09880000352859497sigmoid,adadelta,categorical_crossentropy,500,1000,0.0001,True,True
,2.3237907886505127,2.3237907886505127,0.0994499996304512,0.0994499996304512softplus,nadam,categorical_crossentropy,500,1000,0.0001,False,False
,2.3026132583618164,2.3026132583618164,0.10042499750852585,0.10042499750852585elu,adadelta,categorical_crossentropy,500,5000,0.0001,True,False
,2.6238949298858643,2.6238949298858643,0.10072500258684158,0.10072500258684158elu,ftrl,categorical_crossentropy,500,5000,0.0001,False,True
,2.302584409713745,2.302584409713745,0.10119999945163727,0.10119999945163727relu,rmsprop,categorical_crossentropy,500,5000,0.0001,True,True
,2.2015836238861084,2.2015836238861084,0.15279999375343323,0.15279999375343323hard_sigmoid,rmsprop,categorical_crossentropy,500,5000,0.0001,True,True
,2.2559409141540527,2.2559409141540527,0.14920000731945038,0.14920000731945038hard_sigmoid,ftrl,categorical_crossentropy,500,1000,0.0001,True,False
,2.3025829792022705,2.3025829792022705,0.10119999945163727,0.10119999945163727linear,ftrl,categorical_crossentropy,500,1000,0.0001,False,False
,15.752517700195312,15.752517700195312,0.1096000000834465,0.1096000000834465tanh,adagrad,categorical_crossentropy,500,5000,0.0001,False,True
,2.2716825008392334,2.2716825008392334,0.15092499554157257,0.15092499554157257selu,adamax,categorical_crossentropy,500,1000,0.0001,True,False
,2.40849232673645,2.40849232673645,0.09937500208616257,0.09937500208616257tanh,sgd,categorical_crossentropy,500,1000,0.0001,False,True
,2.1180853843688965,2.1180853843688965,0.16427500545978546,0.16427500545978546hard_sigmoid,adamax,categorical_crossentropy,500,1000,0.0001,True,True
,2.3025600910186768,2.3025600910186768,0.09782499819993973,0.09782499819993973softsign,ftrl,categorical_crossentropy,500,1000,0.0001,True,False
,2.286144495010376,2.286144495010376,0.16085000336170197,0.16085000336170197tanh,adadelta,categorical_crossentropy,500,1000,0.0001,True,False
,2.338762044906616,2.338762044906616,0.10589999705553055,0.10589999705553055selu,adadelta,categorical_crossentropy,500,5000,0.0001,True,False
,6.501445293426514,6.501445293426514,0.10702499747276306,0.10702499747276306linear,nadam,categorical_crossentropy,500,1000,0.0001,False,False
,18.974246978759766,18.974246978759766,0.1016250029206276,0.1016250029206276selu,ftrl,categorical_crossentropy,500,1000,0.0001,True,True
,2.302537202835083,2.302537202835083,0.10119999945163727,0.10119999945163727elu,adamax,categorical_crossentropy,500,1000,0.0001,False,False
,2.3256285190582275,2.3256285190582275,0.10119999945163727,0.10119999945163727softmax,rmsprop,categorical_crossentropy,500,1000,0.0001,True,True
,2.302678108215332,2.302678108215332,0.09825000166893005,0.09825000166893005hard_sigmoid,rmsprop,categorical_crossentropy,500,1000,0.0001,False,True
,2.1729238033294678,2.1729238033294678,0.17020000517368317,0.17020000517368317sigmoid,adam,categorical_crossentropy,500,1000,0.0001,False,False
,2.3026163578033447,2.3026163578033447,0.10119999945163727,0.10119999945163727sigmoid,adagrad,categorical_crossentropy,500,1000,0.0001,True,False
,2.3027727603912354,2.3027727603912354,0.10012499988079071,0.10012499988079071selu,adam,categorical_crossentropy,500,5000,0.0001,True,True
,2.1944515705108643,2.1944515705108643,0.16934999823570251,0.16934999823570251relu,adamax,categorical_crossentropy,500,1000,0.0001,True,True
,2.3025882244110107,2.3025882244110107,0.10119999945163727,0.10119999945163727selu,sgd,categorical_crossentropy,500,1000,0.0001,True,True
,2.2592735290527344,2.2592735290527344,0.15850000083446503,0.15850000083446503linear,adamax,categorical_crossentropy,500,5000,0.0001,True,True
,2.2467520236968994,2.2467520236968994,0.14937500655651093,0.14937500655651093sigmoid,nadam,categorical_crossentropy,500,1000,0.0001,False,True
,2.147592306137085,2.147592306137085,0.1643500030040741,0.1643500030040741sigmoid,adamax,categorical_crossentropy,500,1000,0.0001,True,False
,2.302586317062378,2.302586317062378,0.10119999945163727,0.10119999945163727hard_sigmoid,adadelta,categorical_crossentropy,500,1000,0.0001,True,True
,2.3385469913482666,2.3385469913482666,0.09965000301599503,0.09965000301599503selu,nadam,categorical_crossentropy,500,1000,0.0001,False,True
,2.050501823425293,2.050501823425293,0.18199999630451202,0.18199999630451202hard_sigmoid,adagrad,categorical_crossentropy,500,5000,0.0001,True,True
,2.2880656719207764,2.2880656719207764,0.12645000219345093,0.12645000219345093linear,adadelta,categorical_crossentropy,500,5000,0.0001,False,False
,26.94300651550293,26.94300651550293,0.11029999703168869,0.11029999703168869relu,sgd,categorical_crossentropy,500,1000,0.0001,True,True
,2.3024697303771973,2.3024697303771973,0.10119999945163727,0.10119999945163727selu,sgd,categorical_crossentropy,500,5000,0.0001,False,True
,2.230658531188965,2.230658531188965,0.17012499272823334,0.17012499272823334relu,adagrad,categorical_crossentropy,500,1000,0.0001,False,True
,2.3025808334350586,2.3025808334350586,0.10114999860525131,0.10114999860525131tanh,adamax,categorical_crossentropy,500,5000,0.0001,False,True
,2.254094123840332,2.254094123840332,0.14824999868869781,0.14824999868869781hard_sigmoid,nadam,categorical_crossentropy,500,5000,0.0001,False,False
,2.3468306064605713,2.3468306064605713,0.10057500004768372,0.10057500004768372softsign,adam,categorical_crossentropy,500,1000,0.0001,True,True
,2.158552646636963,2.158552646636963,0.16307500004768372,0.16307500004768372hard_sigmoid,sgd,categorical_crossentropy,500,1000,0.0001,False,False
,2.302483320236206,2.302483320236206,0.1012749969959259,0.1012749969959259elu,rmsprop,categorical_crossentropy,500,5000,0.0001,False,False
,2.350166082382202,2.350166082382202,0.0994499996304512,0.0994499996304512hard_sigmoid,adagrad,categorical_crossentropy,500,1000,0.0001,False,True
,2.279048442840576,2.279048442840576,0.13455000519752502,0.13455000519752502sigmoid,ftrl,categorical_crossentropy,500,5000,0.0001,False,True
,2.302583932876587,2.302583932876587,0.09947499632835388,0.09947499632835388softplus,adamax,categorical_crossentropy,500,5000,0.0001,True,False
,2.3079657554626465,2.3079657554626465,0.10119999945163727,0.10119999945163727relu,ftrl,categorical_crossentropy,500,5000,0.0001,False,False
,2.313703775405884,2.313703775405884,0.10109999775886536,0.10109999775886536softplus,adadelta,categorical_crossentropy,500,1000,0.0001,True,False
,2.3652398586273193,2.3652398586273193,0.10092499852180481,0.10092499852180481softsign,adamax,categorical_crossentropy,500,5000,0.0001,True,True
,2.263223648071289,2.263223648071289,0.14145000278949738,0.14145000278949738softsign,adagrad,categorical_crossentropy,500,1000,0.0001,True,False
,2.336693525314331,2.336693525314331,0.106174997985363,0.106174997985363softplus,rmsprop,categorical_crossentropy,500,5000,0.0001,True,False
,2.3025970458984375,2.3025970458984375,0.10119999945163727,0.10119999945163727sigmoid,sgd,categorical_crossentropy,500,5000,0.0001,True,False
,2.2773330211639404,2.2773330211639404,0.14204999804496765,0.14204999804496765elu,ftrl,categorical_crossentropy,500,1000,0.0001,True,True
,2.302582025527954,2.302582025527954,0.10119999945163727,0.10119999945163727elu,sgd,categorical_crossentropy,500,1000,0.0001,False,False
,2.3162481784820557,2.3162481784820557,0.09992499649524689,0.09992499649524689tanh,sgd,categorical_crossentropy,500,5000,0.0001,True,True
,2.2847723960876465,2.2847723960876465,0.1467999964952469,0.1467999964952469softsign,nadam,categorical_crossentropy,500,5000,0.0001,False,False
,2.3529052734375,2.3529052734375,0.10050000250339508,0.10050000250339508linear,sgd,categorical_crossentropy,500,5000,0.0001,True,True
,2.2794594764709473,2.2794594764709473,0.14274999499320984,0.14274999499320984linear,adam,categorical_crossentropy,500,1000,0.0001,True,True
,2.1545498371124268,2.1545498371124268,0.17957499623298645,0.17957499623298645softplus,nadam,categorical_crossentropy,500,1000,0.0001,True,True
,2.1595826148986816,2.1595826148986816,0.16899999976158142,0.16899999976158142elu,adadelta,categorical_crossentropy,500,5000,0.0001,False,True
,2.327946662902832,2.327946662902832,0.0968250036239624,0.0968250036239624relu,adamax,categorical_crossentropy,500,5000,0.0001,False,True
,2.30257511138916,2.30257511138916,0.10119999945163727,0.10119999945163727selu,adam,categorical_crossentropy,500,1000,0.0001,False,True
,2.0246822834014893,2.0246822834014893,0.1930750012397766,0.1930750012397766selu,adadelta,categorical_crossentropy,500,1000,0.0001,True,True
,2.3058230876922607,2.3058230876922607,0.10164999961853027,0.10164999961853027linear,adamax,categorical_crossentropy,500,1000,0.0001,False,True
,2.0613203048706055,2.0613203048706055,0.19487500190734863,0.19487500190734863relu,rmsprop,categorical_crossentropy,500,5000,0.0001,False,False
,2.3025975227355957,2.3025975227355957,0.10119999945163727,0.10119999945163727tanh,adam,categorical_crossentropy,500,1000,0.0001,False,False
,2.303340435028076,2.303340435028076,0.09992499649524689,0.09992499649524689hard_sigmoid,rmsprop,categorical_crossentropy,500,5000,0.0001,False,False
,2.302593469619751,2.302593469619751,0.10119999945163727,0.10119999945163727linear,ftrl,categorical_crossentropy,500,1000,0.0001,True,True
,2.301429510116577,2.301429510116577,0.10027500241994858,0.10027500241994858tanh,adagrad,categorical_crossentropy,500,5000,0.0001,True,False
,2.3142032623291016,2.3142032623291016,0.10795000195503235,0.10795000195503235selu,adamax,categorical_crossentropy,500,1000,0.0001,False,True
,2.0941622257232666,2.0941622257232666,0.1784999966621399,0.1784999966621399softsign,ftrl,categorical_crossentropy,500,1000,0.0001,False,True
,2.302581310272217,2.302581310272217,0.10119999945163727,0.10119999945163727tanh,adadelta,categorical_crossentropy,500,1000,0.0001,False,True
,2.3115882873535156,2.3115882873535156,0.1109749972820282,0.1109749972820282selu,adadelta,categorical_crossentropy,500,5000,0.0001,False,True
,2.2714357376098633,2.2714357376098633,0.1391499936580658,0.1391499936580658selu,ftrl,categorical_crossentropy,500,1000,0.0001,False,False
,2.3100619316101074,2.3100619316101074,0.09937500208616257,0.09937500208616257relu,adagrad,categorical_crossentropy,500,5000,0.0001,True,True
,2.265618085861206,2.265618085861206,0.15457500517368317,0.15457500517368317relu,adam,categorical_crossentropy,500,5000,0.0001,True,True
,2.3025784492492676,2.3025784492492676,0.10119999945163727,0.10119999945163727softmax,rmsprop,categorical_crossentropy,500,1000,0.0001,False,False
,2.302647352218628,2.302647352218628,0.09962499886751175,0.09962499886751175softsign,adam,categorical_crossentropy,500,5000,0.0001,False,True
,2.1892642974853516,2.1892642974853516,0.17002500593662262,0.17002500593662262sigmoid,adagrad,categorical_crossentropy,500,1000,0.0001,False,True
,2.284409761428833,2.284409761428833,0.13477499783039093,0.13477499783039093selu,sgd,categorical_crossentropy,500,1000,0.0001,False,False
,2.308872699737549,2.308872699737549,0.0994499996304512,0.0994499996304512elu,nadam,categorical_crossentropy,500,1000,0.0001,False,False
,2.314072608947754,2.314072608947754,0.10050000250339508,0.10050000250339508softmax,adadelta,categorical_crossentropy,500,1000,0.0001,False,False
,2.4000468254089355,2.4000468254089355,0.10119999945163727,0.10119999945163727hard_sigmoid,sgd,categorical_crossentropy,500,5000,0.0001,False,True
,2.300875186920166,2.300875186920166,0.10862500220537186,0.10862500220537186selu,nadam,categorical_crossentropy,500,1000,0.0001,True,False
,2.3602945804595947,2.3602945804595947,0.0994499996304512,0.0994499996304512hard_sigmoid,adagrad,categorical_crossentropy,500,5000,0.0001,False,False
,2.2911391258239746,2.2911391258239746,0.12250000238418579,0.12250000238418579linear,adadelta,categorical_crossentropy,500,5000,0.0001,True,True
,2.3141300678253174,2.3141300678253174,0.11157499998807907,0.11157499998807907tanh,ftrl,categorical_crossentropy,500,1000,0.0001,True,False
,2.3026015758514404,2.3026015758514404,0.0996749997138977,0.0996749997138977elu,adagrad,categorical_crossentropy,500,1000,0.0001,False,True
,2.2389888763427734,2.2389888763427734,0.16222499310970306,0.16222499310970306hard_sigmoid,sgd,categorical_crossentropy,500,1000,0.0001,True,True
,2.3031656742095947,2.3031656742095947,0.09952499717473984,0.09952499717473984elu,rmsprop,categorical_crossentropy,500,5000,0.0001,True,True
,2.2385621070861816,2.2385621070861816,0.14397500455379486,0.14397500455379486softplus,adamax,categorical_crossentropy,500,5000,0.0001,False,True
,2.302492380142212,2.302492380142212,0.10622499883174896,0.10622499883174896sigmoid,ftrl,categorical_crossentropy,500,5000,0.0001,True,False
,2.3019561767578125,2.3019561767578125,0.10305000096559525,0.10305000096559525softsign,sgd,categorical_crossentropy,500,1000,0.0001,True,False
,2.225154399871826,2.225154399871826,0.1608249992132187,0.1608249992132187relu,ftrl,categorical_crossentropy,500,5000,0.0001,True,True
,2.302584648132324,2.302584648132324,0.10119999945163727,0.10119999945163727softplus,adadelta,categorical_crossentropy,500,1000,0.0001,False,True
,2.314946174621582,2.314946174621582,0.10119999945163727,0.10119999945163727softsign,adamax,categorical_crossentropy,500,5000,0.0001,False,False
,2.3244893550872803,2.3244893550872803,0.09937500208616257,0.09937500208616257linear,sgd,categorical_crossentropy,500,1000,0.0001,False,True
,2.099111557006836,2.099111557006836,0.1868000030517578,0.1868000030517578softplus,ftrl,categorical_crossentropy,500,5000,0.0001,True,False
,2.3136887550354004,2.3136887550354004,0.10135000199079514,0.10135000199079514softmax,adam,categorical_crossentropy,500,1000,0.0001,True,False
,2.3041234016418457,2.3041234016418457,0.10119999945163727,0.10119999945163727elu,adadelta,categorical_crossentropy,500,1000,0.0001,True,True
,2.338113784790039,2.338113784790039,0.09790000319480896,0.09790000319480896softplus,adagrad,categorical_crossentropy,500,5000,0.0001,False,False
,2.302586078643799,2.302586078643799,0.10057500004768372,0.10057500004768372elu,ftrl,categorical_crossentropy,500,1000,0.0001,False,False
,2.34956431388855,2.34956431388855,0.09950000047683716,0.09950000047683716softplus,adam,categorical_crossentropy,500,1000,0.0001,False,False
,2.3026092052459717,2.3026092052459717,0.10119999945163727,0.10119999945163727tanh,sgd,categorical_crossentropy,500,5000,0.0001,False,False
,2.341771364212036,2.341771364212036,0.09947499632835388,0.09947499632835388hard_sigmoid,adam,categorical_crossentropy,500,1000,0.0001,True,False
,2.3028438091278076,2.3028438091278076,0.09937500208616257,0.09937500208616257softsign,ftrl,categorical_crossentropy,500,5000,0.0001,True,True
,2.302584409713745,2.302584409713745,0.10119999945163727,0.10119999945163727relu,adadelta,categorical_crossentropy,500,1000,0.0001,False,True
,2.303098201751709,2.303098201751709,0.1090250015258789,0.1090250015258789softsign,nadam,categorical_crossentropy,500,5000,0.0001,True,True
,2.2472305297851562,2.2472305297851562,0.16279999911785126,0.16279999911785126linear,adam,categorical_crossentropy,500,1000,0.0001,False,False
,2.0680766105651855,2.0680766105651855,0.18164999783039093,0.18164999783039093linear,adagrad,categorical_crossentropy,500,1000,0.0001,True,False
,13.029378890991211,13.029378890991211,0.1049249991774559,0.1049249991774559sigmoid,adagrad,categorical_crossentropy,500,5000,0.0001,True,True
,2.3017725944519043,2.3017725944519043,0.1010499969124794,0.1010499969124794softmax,adamax,categorical_crossentropy,500,5000,0.0001,False,False
,2.3391284942626953,2.3391284942626953,0.09937500208616257,0.09937500208616257selu,adam,categorical_crossentropy,500,1000,0.0001,True,False
,2.3576221466064453,2.3576221466064453,0.10010000318288803,0.10010000318288803relu,adamax,categorical_crossentropy,500,5000,0.0001,True,False
,2.3071203231811523,2.3071203231811523,0.10119999945163727,0.10119999945163727selu,adadelta,categorical_crossentropy,500,1000,0.0001,False,False
,3.1186389923095703,3.1186389923095703,0.10909999907016754,0.10909999907016754linear,adamax,categorical_crossentropy,500,1000,0.0001,True,False
,4.0239081382751465,4.0239081382751465,0.12277500331401825,0.12277500331401825tanh,adam,categorical_crossentropy,500,1000,0.0001,True,True
,2.1573286056518555,2.1573286056518555,0.17287500202655792,0.17287500202655792sigmoid,adadelta,categorical_crossentropy,500,5000,0.0001,False,False
,2.304102897644043,2.304102897644043,0.10090000182390213,0.10090000182390213softmax,ftrl,categorical_crossentropy,500,5000,0.0001,False,False
,2.302590847015381,2.302590847015381,0.10119999945163727,0.10119999945163727linear,adadelta,categorical_crossentropy,500,1000,0.0001,False,True
,2.259389877319336,2.259389877319336,0.1686750054359436,0.1686750054359436relu,adagrad,categorical_crossentropy,500,5000,0.0001,False,False
,2.3042495250701904,2.3042495250701904,0.10114999860525131,0.10114999860525131linear,rmsprop,categorical_crossentropy,500,5000,0.0001,True,False
,36.18048858642578,36.18048858642578,0.10202500224113464,0.10202500224113464relu,adam,categorical_crossentropy,500,5000,0.0001,False,False
,2.3025765419006348,2.3025765419006348,0.10119999945163727,0.10119999945163727softmax,adadelta,categorical_crossentropy,500,5000,0.0001,False,True
,2.3721907138824463,2.3721907138824463,0.09965000301599503,0.09965000301599503softsign,adam,categorical_crossentropy,500,5000,0.0001,True,False
,2.3538410663604736,2.3538410663604736,0.10010000318288803,0.10010000318288803softsign,adadelta,categorical_crossentropy,500,5000,0.0001,True,False
,2.3853299617767334,2.3853299617767334,0.10197500139474869,0.10197500139474869hard_sigmoid,adamax,categorical_crossentropy,500,5000,0.0001,False,False
,2.3025832176208496,2.3025832176208496,0.10119999945163727,0.10119999945163727relu,ftrl,categorical_crossentropy,500,1000,0.0001,False,True
,2.3025829792022705,2.3025829792022705,0.10119999945163727,0.10119999945163727elu,nadam,categorical_crossentropy,500,1000,0.0001,True,True
,2.148623466491699,2.148623466491699,0.17322500050067902,0.17322500050067902softmax,adadelta,categorical_crossentropy,500,1000,0.0001,True,True
,2.399338483810425,2.399338483810425,0.09937500208616257,0.09937500208616257softsign,rmsprop,categorical_crossentropy,500,5000,0.0001,False,False
,2.2173171043395996,2.2173171043395996,0.1548749953508377,0.1548749953508377hard_sigmoid,sgd,categorical_crossentropy,500,5000,0.0001,True,False
,2.3026230335235596,2.3026230335235596,0.10339999943971634,0.10339999943971634tanh,ftrl,categorical_crossentropy,500,1000,0.0001,False,True
,2.3025803565979004,2.3025803565979004,0.10119999945163727,0.10119999945163727selu,rmsprop,categorical_crossentropy,500,5000,0.0001,False,True
,2.29325532913208,2.29325532913208,0.13510000705718994,0.13510000705718994softplus,ftrl,categorical_crossentropy,500,1000,0.0001,True,True
,2.3026204109191895,2.3026204109191895,0.0994499996304512,0.0994499996304512elu,adagrad,categorical_crossentropy,500,1000,0.0001,True,False
,2.432143211364746,2.432143211364746,0.09947499632835388,0.09947499632835388sigmoid,adamax,categorical_crossentropy,500,5000,0.0001,False,True
,2.302567958831787,2.302567958831787,0.10085000097751617,0.10085000097751617softmax,sgd,categorical_crossentropy,500,5000,0.0001,False,False
,2.348724603652954,2.348724603652954,0.09965000301599503,0.09965000301599503selu,adagrad,categorical_crossentropy,500,5000,0.0001,False,True
,2.251659393310547,2.251659393310547,0.15047499537467957,0.15047499537467957softsign,sgd,categorical_crossentropy,500,1000,0.0001,False,True
,2.186680793762207,2.186680793762207,0.1514749974012375,0.1514749974012375linear,sgd,categorical_crossentropy,500,1000,0.0001,True,False
,nan,nan,0.09920000284910202,0.09920000284910202softmax,nadam,categorical_crossentropy,500,5000,0.0001,True,False
,2.3136074542999268,2.3136074542999268,0.0994499996304512,0.0994499996304512sigmoid,rmsprop,categorical_crossentropy,500,1000,0.0001,True,True
,2.218855619430542,2.218855619430542,0.14937500655651093,0.14937500655651093softplus,sgd,categorical_crossentropy,500,1000,0.0001,True,True
,2.2206051349639893,2.2206051349639893,0.14777499437332153,0.14777499437332153softplus,ftrl,categorical_crossentropy,500,5000,0.0001,False,True
,2.3025574684143066,2.3025574684143066,0.09965000301599503,0.09965000301599503softmax,adam,categorical_crossentropy,500,1000,0.0001,False,True
,2.302652597427368,2.302652597427368,0.09679999947547913,0.09679999947547913tanh,adamax,categorical_crossentropy,500,1000,0.0001,True,False
,2.306053876876831,2.306053876876831,0.09965000301599503,0.09965000301599503elu,adadelta,categorical_crossentropy,500,1000,0.0001,False,False
,3.515408992767334,3.515408992767334,0.1018500030040741,0.1018500030040741softplus,adagrad,categorical_crossentropy,500,5000,0.0001,True,True
,2.303504705429077,2.303504705429077,0.10377500206232071,0.10377500206232071tanh,rmsprop,categorical_crossentropy,500,1000,0.0001,False,False
,2.302675485610962,2.302675485610962,0.10045000165700912,0.10045000165700912softplus,adam,categorical_crossentropy,500,1000,0.0001,True,True
,2.185407876968384,2.185407876968384,0.17800000309944153,0.17800000309944153softsign,adagrad,categorical_crossentropy,500,5000,0.0001,False,True
,2.259523868560791,2.259523868560791,0.16437500715255737,0.16437500715255737hard_sigmoid,adam,categorical_crossentropy,500,1000,0.0001,False,True
,2.3026187419891357,2.3026187419891357,0.10119999945163727,0.10119999945163727softsign,ftrl,categorical_crossentropy,500,5000,0.0001,False,False
,2.2978479862213135,2.2978479862213135,0.1579750031232834,0.1579750031232834elu,adam,categorical_crossentropy,500,1000,0.0001,False,False
,2.3085525035858154,2.3085525035858154,0.09992499649524689,0.09992499649524689relu,adadelta,categorical_crossentropy,500,1000,0.0001,True,False
,3.156569004058838,3.156569004058838,0.10502500087022781,0.10502500087022781softmax,adamax,categorical_crossentropy,500,1000,0.0001,False,True
,2.307053804397583,2.307053804397583,0.10050000250339508,0.10050000250339508linear,adagrad,categorical_crossentropy,500,1000,0.0001,False,True
,2.2194056510925293,2.2194056510925293,0.16227500140666962,0.16227500140666962sigmoid,adagrad,categorical_crossentropy,500,5000,0.0001,False,False
,2.302277088165283,2.302277088165283,0.10109999775886536,0.10109999775886536softmax,adamax,categorical_crossentropy,500,5000,0.0001,True,True
,2.360304117202759,2.360304117202759,0.09937500208616257,0.09937500208616257elu,nadam,categorical_crossentropy,500,5000,0.0001,False,True
,2.1621744632720947,2.1621744632720947,0.17822499573230743,0.17822499573230743softmax,adagrad,categorical_crossentropy,500,1000,0.0001,True,False
,2.360117197036743,2.360117197036743,0.10057500004768372,0.10057500004768372sigmoid,adadelta,categorical_crossentropy,500,5000,0.0001,True,True
,2.3177897930145264,2.3177897930145264,0.09965000301599503,0.09965000301599503softplus,nadam,categorical_crossentropy,500,5000,0.0001,False,False
,2.3025898933410645,2.3025898933410645,0.10119999945163727,0.10119999945163727softmax,ftrl,categorical_crossentropy,500,5000,0.0001,True,True
,2.3025972843170166,2.3025972843170166,0.10057500004768372,0.10057500004768372linear,adadelta,categorical_crossentropy,500,1000,0.0001,True,False
,28.841346740722656,28.841346740722656,0.10474999994039536,0.10474999994039536tanh,ftrl,categorical_crossentropy,500,5000,0.0001,True,True
,2.3025834560394287,2.3025834560394287,0.10117500275373459,0.10117500275373459linear,rmsprop,categorical_crossentropy,500,5000,0.0001,False,True
,2.230123996734619,2.230123996734619,0.1453000009059906,0.1453000009059906softmax,adadelta,categorical_crossentropy,500,5000,0.0001,True,False
,2.3801088333129883,2.3801088333129883,0.10119999945163727,0.10119999945163727softsign,adadelta,categorical_crossentropy,500,5000,0.0001,False,True
,2.309896945953369,2.309896945953369,0.09952499717473984,0.09952499717473984softsign,rmsprop,categorical_crossentropy,500,1000,0.0001,False,True
,2.080946445465088,2.080946445465088,0.16044999659061432,0.16044999659061432hard_sigmoid,adamax,categorical_crossentropy,500,5000,0.0001,True,True
,2.3003382682800293,2.3003382682800293,0.11102499812841415,0.11102499812841415tanh,adagrad,categorical_crossentropy,500,1000,0.0001,False,True
,2.197730779647827,2.197730779647827,0.15997500717639923,0.15997500717639923selu,adamax,categorical_crossentropy,500,5000,0.0001,True,False
,2.6135339736938477,2.6135339736938477,0.09982500225305557,0.09982500225305557relu,ftrl,categorical_crossentropy,500,1000,0.0001,True,False
,2.201157569885254,2.201157569885254,0.16144999861717224,0.16144999861717224softmax,adam,categorical_crossentropy,500,5000,0.0001,True,True
,2.316394329071045,2.316394329071045,0.09960000216960907,0.09960000216960907sigmoid,nadam,categorical_crossentropy,500,5000,0.0001,True,False
,2.3025898933410645,2.3025898933410645,0.10119999945163727,0.10119999945163727softmax,rmsprop,categorical_crossentropy,500,5000,0.0001,True,True
,2.3530197143554688,2.3530197143554688,0.09965000301599503,0.09965000301599503softsign,rmsprop,categorical_crossentropy,500,5000,0.0001,True,True
,2.222111701965332,2.222111701965332,0.16197499632835388,0.16197499632835388hard_sigmoid,adadelta,categorical_crossentropy,500,5000,0.0001,False,False
,2.3025786876678467,2.3025786876678467,0.1010499969124794,0.1010499969124794softmax,sgd,categorical_crossentropy,500,1000,0.0001,False,True
,2.310393810272217,2.310393810272217,0.09960000216960907,0.09960000216960907relu,sgd,categorical_crossentropy,500,5000,0.0001,False,False
,2.302584409713745,2.302584409713745,0.10119999945163727,0.10119999945163727selu,rmsprop,categorical_crossentropy,500,5000,0.0001,True,False
,2.47920560836792,2.47920560836792,0.09965000301599503,0.09965000301599503softplus,ftrl,categorical_crossentropy,500,1000,0.0001,False,False
,2.306442975997925,2.306442975997925,0.10125000029802322,0.10125000029802322hard_sigmoid,nadam,categorical_crossentropy,500,1000,0.0001,True,True
,2.177216053009033,2.177216053009033,0.1572750061750412,0.1572750061750412relu,nadam,categorical_crossentropy,500,1000,0.0001,True,False
,2.3026139736175537,2.3026139736175537,0.10042499750852585,0.10042499750852585sigmoid,adamax,categorical_crossentropy,500,5000,0.0001,True,False
,2.302581548690796,2.302581548690796,0.10119999945163727,0.10119999945163727softplus,adam,categorical_crossentropy,500,5000,0.0001,False,True
,2.3025994300842285,2.3025994300842285,0.1008249968290329,0.1008249968290329softmax,sgd,categorical_crossentropy,500,5000,0.0001,True,True
,2.3238120079040527,2.3238120079040527,0.09965000301599503,0.09965000301599503selu,adagrad,categorical_crossentropy,500,5000,0.0001,True,False
,2.5743672847747803,2.5743672847747803,0.10057500004768372,0.10057500004768372softsign,nadam,categorical_crossentropy,500,1000,0.0001,False,False
,2.3026463985443115,2.3026463985443115,0.09894999861717224,0.09894999861717224softmax,nadam,categorical_crossentropy,500,5000,0.0001,False,True
,2.3601908683776855,2.3601908683776855,0.09937500208616257,0.09937500208616257softplus,sgd,categorical_crossentropy,500,1000,0.0001,False,False
,2.3025803565979004,2.3025803565979004,0.10119999945163727,0.10119999945163727sigmoid,rmsprop,categorical_crossentropy,500,1000,0.0001,False,False
,2.3026113510131836,2.3026113510131836,0.10042499750852585,0.10042499750852585linear,adagrad,categorical_crossentropy,500,5000,0.0001,True,True
,2.2863717079162598,2.2863717079162598,0.13077500462532043,0.13077500462532043tanh,rmsprop,categorical_crossentropy,500,5000,0.0001,False,True
,2.214912176132202,2.214912176132202,0.16214999556541443,0.16214999556541443tanh,adamax,categorical_crossentropy,500,1000,0.0001,False,True
,2.132347583770752,2.132347583770752,0.17505000531673431,0.17505000531673431elu,rmsprop,categorical_crossentropy,500,1000,0.0001,False,False
,2.3026466369628906,2.3026466369628906,0.09950000047683716,0.09950000047683716softsign,adamax,categorical_crossentropy,500,1000,0.0001,True,True
,2.2725443840026855,2.2725443840026855,0.14672499895095825,0.14672499895095825tanh,rmsprop,categorical_crossentropy,500,1000,0.0001,True,True
,2.16626238822937,2.16626238822937,0.1607999950647354,0.1607999950647354elu,adamax,categorical_crossentropy,500,5000,0.0001,True,False
,2.387871265411377,2.387871265411377,0.10057500004768372,0.10057500004768372sigmoid,adadelta,categorical_crossentropy,500,1000,0.0001,False,True
,2.30902361869812,2.30902361869812,0.10057500004768372,0.10057500004768372softsign,adagrad,categorical_crossentropy,500,5000,0.0001,True,False
,2.338322639465332,2.338322639465332,0.11862500011920929,0.11862500011920929elu,adam,categorical_crossentropy,500,1000,0.0001,True,True
,2.1466612815856934,2.1466612815856934,0.1743749976158142,0.1743749976158142softmax,adamax,categorical_crossentropy,500,1000,0.0001,True,False
,2.3063831329345703,2.3063831329345703,0.10007499903440475,0.10007499903440475sigmoid,adam,categorical_crossentropy,500,5000,0.0001,True,False
,2.3025782108306885,2.3025782108306885,0.10119999945163727,0.10119999945163727elu,ftrl,categorical_crossentropy,500,5000,0.0001,True,True
,2.302584171295166,2.302584171295166,0.10119999945163727,0.10119999945163727tanh,nadam,categorical_crossentropy,500,5000,0.0001,False,False
,2.3135297298431396,2.3135297298431396,0.0994499996304512,0.0994499996304512hard_sigmoid,adamax,categorical_crossentropy,500,1000,0.0001,False,True
,2.2436418533325195,2.2436418533325195,0.1520249992609024,0.1520249992609024tanh,sgd,categorical_crossentropy,500,1000,0.0001,True,True
,2.2621538639068604,2.2621538639068604,0.15309999883174896,0.15309999883174896elu,nadam,categorical_crossentropy,500,5000,0.0001,True,False
,2.4092752933502197,2.4092752933502197,0.09934999793767929,0.09934999793767929hard_sigmoid,rmsprop,categorical_crossentropy,500,1000,0.0001,True,True
,2.220834493637085,2.220834493637085,0.14892500638961792,0.14892500638961792softmax,adagrad,categorical_crossentropy,500,1000,0.0001,False,True
,2.3578877449035645,2.3578877449035645,0.09965000301599503,0.09965000301599503softplus,nadam,categorical_crossentropy,500,5000,0.0001,True,True
,2.2165310382843018,2.2165310382843018,0.16680000722408295,0.16680000722408295linear,ftrl,categorical_crossentropy,500,5000,0.0001,False,False
,21.28075408935547,21.28075408935547,0.0996749997138977,0.0996749997138977tanh,ftrl,categorical_crossentropy,500,5000,0.0001,False,False
,2.3026137351989746,2.3026137351989746,0.09960000216960907,0.09960000216960907tanh,adadelta,categorical_crossentropy,500,5000,0.0001,True,False
,2.3266026973724365,2.3266026973724365,0.10769999772310257,0.10769999772310257selu,adam,categorical_crossentropy,500,5000,0.0001,False,True
,2.104710817337036,2.104710817337036,0.18174999952316284,0.18174999952316284softplus,adadelta,categorical_crossentropy,500,5000,0.0001,True,False
,74.35261535644531,74.35261535644531,0.10045000165700912,0.10045000165700912relu,adamax,categorical_crossentropy,500,1000,0.0001,False,True
,2.30258846282959,2.30258846282959,0.10119999945163727,0.10119999945163727linear,adamax,categorical_crossentropy,500,5000,0.0001,False,True
,2.0568344593048096,2.0568344593048096,0.18964999914169312,0.18964999914169312sigmoid,nadam,categorical_crossentropy,500,1000,0.0001,True,True
,2.2090539932250977,2.2090539932250977,0.15315000712871552,0.15315000712871552softsign,rmsprop,categorical_crossentropy,500,1000,0.0001,True,False
,2.213268756866455,2.213268756866455,0.1561499983072281,0.1561499983072281hard_sigmoid,adadelta,categorical_crossentropy,500,1000,0.0001,False,True
,2.3075618743896484,2.3075618743896484,0.09992499649524689,0.09992499649524689tanh,adagrad,categorical_crossentropy,500,1000,0.0001,True,False
,2.3859736919403076,2.3859736919403076,0.1005999967455864,0.1005999967455864selu,adamax,categorical_crossentropy,500,5000,0.0001,False,True
,2.2008934020996094,2.2008934020996094,0.1628749966621399,0.1628749966621399relu,sgd,categorical_crossentropy,500,1000,0.0001,False,True
,2.2823326587677,2.2823326587677,0.13672499358654022,0.13672499358654022softsign,sgd,categorical_crossentropy,500,5000,0.0001,True,False
,2.3581719398498535,2.3581719398498535,0.0995749980211258,0.0995749980211258selu,sgd,categorical_crossentropy,500,5000,0.0001,True,True
,2.2918078899383545,2.2918078899383545,0.1156499981880188,0.1156499981880188relu,adagrad,categorical_crossentropy,500,1000,0.0001,True,True
,2.2970402240753174,2.2970402240753174,0.1096000000834465,0.1096000000834465softmax,adam,categorical_crossentropy,500,5000,0.0001,False,False
,2.368952751159668,2.368952751159668,0.10007499903440475,0.10007499903440475sigmoid,nadam,categorical_crossentropy,500,5000,0.0001,False,True
,2.2307581901550293,2.2307581901550293,0.15912500023841858,0.15912500023841858softmax,rmsprop,categorical_crossentropy,500,5000,0.0001,False,False
,2.3391923904418945,2.3391923904418945,0.09960000216960907,0.09960000216960907elu,sgd,categorical_crossentropy,500,5000,0.0001,True,False
,2.3615872859954834,2.3615872859954834,0.10007499903440475,0.10007499903440475softsign,adam,categorical_crossentropy,500,1000,0.0001,False,True
,2.0495965480804443,2.0495965480804443,0.18607500195503235,0.18607500195503235hard_sigmoid,adadelta,categorical_crossentropy,500,5000,0.0001,True,True
,2.327833652496338,2.327833652496338,0.09992499649524689,0.09992499649524689tanh,adamax,categorical_crossentropy,500,5000,0.0001,True,True
,2.2803561687469482,2.2803561687469482,0.11935000121593475,0.11935000121593475softmax,sgd,categorical_crossentropy,500,1000,0.0001,True,False
,2.323286533355713,2.323286533355713,0.09937500208616257,0.09937500208616257hard_sigmoid,adagrad,categorical_crossentropy,500,1000,0.0001,True,True
,2.288383960723877,2.288383960723877,0.12425000220537186,0.12425000220537186relu,sgd,categorical_crossentropy,500,5000,0.0001,True,True
,2.3026185035705566,2.3026185035705566,0.10122500360012054,0.10122500360012054hard_sigmoid,nadam,categorical_crossentropy,500,1000,0.0001,False,False
,2.302612543106079,2.302612543106079,0.10119999945163727,0.10119999945163727relu,nadam,categorical_crossentropy,500,1000,0.0001,False,True
,2.3026139736175537,2.3026139736175537,0.10042499750852585,0.10042499750852585softplus,adam,categorical_crossentropy,500,5000,0.0001,True,False
,2.302577495574951,2.302577495574951,0.10119999945163727,0.10119999945163727softplus,adamax,categorical_crossentropy,500,1000,0.0001,True,False
,2.3082635402679443,2.3082635402679443,0.10117500275373459,0.10117500275373459hard_sigmoid,ftrl,categorical_crossentropy,500,5000,0.0001,False,False
,2.297560214996338,2.297560214996338,0.1590999960899353,0.1590999960899353softsign,nadam,categorical_crossentropy,500,1000,0.0001,True,True
,2.163085460662842,2.163085460662842,0.17417499423027039,0.17417499423027039tanh,rmsprop,categorical_crossentropy,500,5000,0.0001,True,False
,2.3267242908477783,2.3267242908477783,0.10007499903440475,0.10007499903440475linear,adagrad,categorical_crossentropy,500,5000,0.0001,False,False
,21.217632293701172,21.217632293701172,0.12684999406337738,0.12684999406337738elu,rmsprop,categorical_crossentropy,500,1000,0.0001,True,True
,2.1680192947387695,2.1680192947387695,0.17409999668598175,0.17409999668598175softsign,adamax,categorical_crossentropy,500,1000,0.0001,False,False
,2.306403636932373,2.306403636932373,0.09947499632835388,0.09947499632835388linear,sgd,categorical_crossentropy,500,5000,0.0001,False,True
,2.257016658782959,2.257016658782959,0.1482750028371811,0.1482750028371811elu,adamax,categorical_crossentropy,500,5000,0.0001,False,True
,2.2120020389556885,2.2120020389556885,0.1597750037908554,0.1597750037908554sigmoid,adadelta,categorical_crossentropy,500,1000,0.0001,True,False
,2.3035807609558105,2.3035807609558105,0.1010499969124794,0.1010499969124794softplus,nadam,categorical_crossentropy,500,1000,0.0001,False,True
,2.0439367294311523,2.0439367294311523,0.1872750073671341,0.1872750073671341elu,adadelta,categorical_crossentropy,500,5000,0.0001,True,True
,2.346951961517334,2.346951961517334,0.0989999994635582,0.0989999994635582softplus,adagrad,categorical_crossentropy,500,1000,0.0001,False,False
,2.3074498176574707,2.3074498176574707,0.10055000334978104,0.10055000334978104sigmoid,adam,categorical_crossentropy,500,5000,0.0001,False,True
,2.3025875091552734,2.3025875091552734,0.1010499969124794,0.1010499969124794elu,ftrl,categorical_crossentropy,500,5000,0.0001,False,False
,2.3995118141174316,2.3995118141174316,0.10045000165700912,0.10045000165700912tanh,nadam,categorical_crossentropy,500,5000,0.0001,True,True
,2.286259174346924,2.286259174346924,0.11185000091791153,0.11185000091791153linear,ftrl,categorical_crossentropy,500,1000,0.0001,False,True
,2.3003435134887695,2.3003435134887695,0.09950000047683716,0.09950000047683716hard_sigmoid,adamax,categorical_crossentropy,500,1000,0.0001,True,False
,2.30258846282959,2.30258846282959,0.10119999945163727,0.10119999945163727selu,adamax,categorical_crossentropy,500,1000,0.0001,True,True
,2.1516339778900146,2.1516339778900146,0.17184999585151672,0.17184999585151672tanh,sgd,categorical_crossentropy,500,1000,0.0001,False,False
,2.321028470993042,2.321028470993042,0.09927500039339066,0.09927500039339066softsign,ftrl,categorical_crossentropy,500,1000,0.0001,True,True
,2.3025825023651123,2.3025825023651123,0.10119999945163727,0.10119999945163727tanh,adadelta,categorical_crossentropy,500,1000,0.0001,True,True
,2.2772281169891357,2.2772281169891357,0.1365250051021576,0.1365250051021576selu,adadelta,categorical_crossentropy,500,5000,0.0001,True,True
,2.492685079574585,2.492685079574585,0.09854999929666519,0.09854999929666519linear,nadam,categorical_crossentropy,500,5000,0.0001,True,False
,21.878829956054688,21.878829956054688,0.10482499748468399,0.10482499748468399tanh,adam,categorical_crossentropy,500,5000,0.0001,False,False
,2.3332526683807373,2.3332526683807373,0.0995749980211258,0.0995749980211258hard_sigmoid,rmsprop,categorical_crossentropy,500,1000,0.0001,False,False
,2.302661418914795,2.302661418914795,0.09955000132322311,0.09955000132322311linear,ftrl,categorical_crossentropy,500,5000,0.0001,True,True
,2.302579879760742,2.302579879760742,0.09917499870061874,0.09917499870061874sigmoid,adagrad,categorical_crossentropy,500,1000,0.0001,True,True
,2.303037405014038,2.303037405014038,0.10209999978542328,0.10209999978542328tanh,adadelta,categorical_crossentropy,500,5000,0.0001,False,True
,2.3006269931793213,2.3006269931793213,0.10557500272989273,0.10557500272989273selu,adam,categorical_crossentropy,500,5000,0.0001,True,False
,2.5225234031677246,2.5225234031677246,0.09965000301599503,0.09965000301599503softplus,adadelta,categorical_crossentropy,500,5000,0.0001,False,True
,2.33608341217041,2.33608341217041,0.0994499996304512,0.0994499996304512relu,adamax,categorical_crossentropy,500,1000,0.0001,True,False
,2.3032636642456055,2.3032636642456055,0.10119999945163727,0.10119999945163727softplus,rmsprop,categorical_crossentropy,500,1000,0.0001,False,False
,2.3026113510131836,2.3026113510131836,0.10042499750852585,0.10042499750852585sigmoid,sgd,categorical_crossentropy,500,1000,0.0001,False,False
,2.302480936050415,2.302480936050415,0.10145000368356705,0.10145000368356705sigmoid,ftrl,categorical_crossentropy,500,1000,0.0001,False,False
,2.3025829792022705,2.3025829792022705,0.10119999945163727,0.10119999945163727linear,adamax,categorical_crossentropy,500,5000,0.0001,True,False
,11.551862716674805,11.551862716674805,0.10187499970197678,0.10187499970197678sigmoid,nadam,categorical_crossentropy,500,1000,0.0001,False,False
,2.3026139736175537,2.3026139736175537,0.10042499750852585,0.10042499750852585hard_sigmoid,adadelta,categorical_crossentropy,500,1000,0.0001,True,False
,2.334470272064209,2.334470272064209,0.09387499839067459,0.09387499839067459linear,adadelta,categorical_crossentropy,500,5000,0.0001,False,True
,2.335740566253662,2.335740566253662,0.0846249982714653,0.0846249982714653relu,sgd,categorical_crossentropy,500,1000,0.0001,True,False
,2.302579402923584,2.302579402923584,0.10119999945163727,0.10119999945163727softsign,sgd,categorical_crossentropy,500,5000,0.0001,False,True
,2.292185068130493,2.292185068130493,0.10729999840259552,0.10729999840259552selu,sgd,categorical_crossentropy,500,5000,0.0001,False,False
,2.4286231994628906,2.4286231994628906,0.10050000250339508,0.10050000250339508relu,adagrad,categorical_crossentropy,500,1000,0.0001,False,False
,2.3025808334350586,2.3025808334350586,0.10119999945163727,0.10119999945163727elu,sgd,categorical_crossentropy,500,5000,0.0001,False,True
,2.28029465675354,2.28029465675354,0.11150000244379044,0.11150000244379044tanh,adamax,categorical_crossentropy,500,5000,0.0001,False,False
,2.3543686866760254,2.3543686866760254,0.0994499996304512,0.0994499996304512hard_sigmoid,sgd,categorical_crossentropy,500,1000,0.0001,False,True
,2.302690267562866,2.302690267562866,0.1000249981880188,0.1000249981880188softsign,adam,categorical_crossentropy,500,1000,0.0001,True,False
,2.306068181991577,2.306068181991577,0.09965000301599503,0.09965000301599503elu,rmsprop,categorical_crossentropy,500,5000,0.0001,False,True
,2.2107737064361572,2.2107737064361572,0.16317500174045563,0.16317500174045563softplus,adamax,categorical_crossentropy,500,5000,0.0001,True,True
,2.299088954925537,2.299088954925537,0.11192499846220016,0.11192499846220016hard_sigmoid,adagrad,categorical_crossentropy,500,1000,0.0001,False,False
,2.3025786876678467,2.3025786876678467,0.10055000334978104,0.10055000334978104relu,ftrl,categorical_crossentropy,500,5000,0.0001,False,True
,2.302584648132324,2.302584648132324,0.10119999945163727,0.10119999945163727softplus,adadelta,categorical_crossentropy,500,1000,0.0001,True,True
,2.439394950866699,2.439394950866699,0.10050000250339508,0.10050000250339508relu,rmsprop,categorical_crossentropy,500,1000,0.0001,True,False
,2.3026113510131836,2.3026113510131836,0.10042499750852585,0.10042499750852585linear,adam,categorical_crossentropy,500,5000,0.0001,True,False
,15.894893646240234,15.894893646240234,0.10329999774694443,0.10329999774694443softplus,adamax,categorical_crossentropy,500,1000,0.0001,False,True
,2.3028271198272705,2.3028271198272705,0.08320000022649765,0.08320000022649765hard_sigmoid,ftrl,categorical_crossentropy,500,5000,0.0001,True,True
,2.302584409713745,2.302584409713745,0.10119999945163727,0.10119999945163727selu,ftrl,categorical_crossentropy,500,5000,0.0001,True,False
,2.654083728790283,2.654083728790283,0.09962499886751175,0.09962499886751175softsign,nadam,categorical_crossentropy,500,5000,0.0001,False,True
,2.195890426635742,2.195890426635742,0.16220000386238098,0.16220000386238098linear,sgd,categorical_crossentropy,500,5000,0.0001,True,False
,nan,nan,0.0988750010728836,0.0988750010728836softplus,nadam,categorical_crossentropy,500,1000,0.0001,True,False
,2.3029656410217285,2.3029656410217285,0.10122500360012054,0.10122500360012054elu,adadelta,categorical_crossentropy,500,5000,0.0001,False,False
,20.055158615112305,20.055158615112305,0.09207499772310257,0.09207499772310257hard_sigmoid,adam,categorical_crossentropy,500,5000,0.0001,True,False
,2.3025741577148438,2.3025741577148438,0.10119999945163727,0.10119999945163727selu,nadam,categorical_crossentropy,500,5000,0.0001,False,False
,2.5385901927948,2.5385901927948,0.10050000250339508,0.10050000250339508softplus,adagrad,categorical_crossentropy,500,1000,0.0001,True,True
,2.293278694152832,2.293278694152832,0.0921500027179718,0.0921500027179718tanh,adam,categorical_crossentropy,500,1000,0.0001,False,True
,2.0462236404418945,2.0462236404418945,0.18507499992847443,0.18507499992847443linear,ftrl,categorical_crossentropy,500,1000,0.0001,True,False
,12.358524322509766,12.358524322509766,0.10864999890327454,0.10864999890327454selu,adamax,categorical_crossentropy,500,1000,0.0001,False,False
,2.364980697631836,2.364980697631836,0.09992499649524689,0.09992499649524689elu,adam,categorical_crossentropy,500,5000,0.0001,False,False
,2.376993417739868,2.376993417739868,0.09960000216960907,0.09960000216960907softsign,ftrl,categorical_crossentropy,500,1000,0.0001,False,False
,2.302586555480957,2.302586555480957,0.09965000301599503,0.09965000301599503tanh,adadelta,categorical_crossentropy,500,1000,0.0001,False,False
,2.341820478439331,2.341820478439331,0.12712499499320984,0.12712499499320984selu,adadelta,categorical_crossentropy,500,5000,0.0001,False,False
,12.38181209564209,12.38181209564209,0.10327500104904175,0.10327500104904175linear,nadam,categorical_crossentropy,500,5000,0.0001,False,True
,2.099982500076294,2.099982500076294,0.18927499651908875,0.18927499651908875tanh,adam,categorical_crossentropy,500,5000,0.0001,True,True
,2.283047676086426,2.283047676086426,0.1253499984741211,0.1253499984741211softmax,ftrl,categorical_crossentropy,500,1000,0.0001,False,False
,2.3026015758514404,2.3026015758514404,0.09960000216960907,0.09960000216960907sigmoid,adagrad,categorical_crossentropy,500,1000,0.0001,False,False
,2.30255389213562,2.30255389213562,0.10119999945163727,0.10119999945163727elu,adagrad,categorical_crossentropy,500,5000,0.0001,False,False
,2.37286114692688,2.37286114692688,0.10007499903440475,0.10007499903440475sigmoid,ftrl,categorical_crossentropy,500,1000,0.0001,True,True
,2.3025805950164795,2.3025805950164795,0.10119999945163727,0.10119999945163727sigmoid,sgd,categorical_crossentropy,500,1000,0.0001,True,True
,2.290252208709717,2.290252208709717,0.1288750022649765,0.1288750022649765softplus,rmsprop,categorical_crossentropy,500,1000,0.0001,True,True
,2.2107887268066406,2.2107887268066406,0.1678750067949295,0.1678750067949295linear,rmsprop,categorical_crossentropy,500,1000,0.0001,True,False
,2.1907529830932617,2.1907529830932617,0.1592250019311905,0.1592250019311905elu,nadam,categorical_crossentropy,500,1000,0.0001,False,True
,2.101017475128174,2.101017475128174,0.17422500252723694,0.17422500252723694softmax,adadelta,categorical_crossentropy,500,1000,0.0001,False,True
,2.3820440769195557,2.3820440769195557,0.09992499649524689,0.09992499649524689softsign,adadelta,categorical_crossentropy,500,1000,0.0001,True,False
,2.410344123840332,2.410344123840332,0.09712500125169754,0.09712500125169754softmax,adagrad,categorical_crossentropy,500,5000,0.0001,True,False
,2.376758575439453,2.376758575439453,0.10057500004768372,0.10057500004768372linear,adadelta,categorical_crossentropy,500,5000,0.0001,True,False
,272.71331787109375,272.71331787109375,0.0996749997138977,0.0996749997138977tanh,ftrl,categorical_crossentropy,500,1000,0.0001,True,True
,2.3025734424591064,2.3025734424591064,0.10119999945163727,0.10119999945163727hard_sigmoid,sgd,categorical_crossentropy,500,1000,0.0001,True,False
,2.3026390075683594,2.3026390075683594,0.10112500190734863,0.10112500190734863elu,rmsprop,categorical_crossentropy,500,5000,0.0001,True,False
,2.3731045722961426,2.3731045722961426,0.09962499886751175,0.09962499886751175softplus,adamax,categorical_crossentropy,500,5000,0.0001,False,False
,2.3025832176208496,2.3025832176208496,0.10119999945163727,0.10119999945163727softsign,sgd,categorical_crossentropy,500,1000,0.0001,True,True
,2.2659358978271484,2.2659358978271484,0.15289999544620514,0.15289999544620514relu,ftrl,categorical_crossentropy,500,5000,0.0001,True,False
,2.302584648132324,2.302584648132324,0.10119999945163727,0.10119999945163727softplus,adadelta,categorical_crossentropy,500,1000,0.0001,False,False
,2.4656083583831787,2.4656083583831787,0.09764999896287918,0.09764999896287918softplus,ftrl,categorical_crossentropy,500,5000,0.0001,True,True
,2.302595615386963,2.302595615386963,0.10007499903440475,0.10007499903440475relu,rmsprop,categorical_crossentropy,500,1000,0.0001,False,True
,2.100071430206299,2.100071430206299,0.1749500036239624,0.1749500036239624softmax,adam,categorical_crossentropy,500,1000,0.0001,True,True
,2.302961587905884,2.302961587905884,0.10119999945163727,0.10119999945163727linear,adam,categorical_crossentropy,500,5000,0.0001,False,True
,2.152539014816284,2.152539014816284,0.17772500216960907,0.17772500216960907softplus,adagrad,categorical_crossentropy,500,5000,0.0001,False,True
,2.2975211143493652,2.2975211143493652,0.10027500241994858,0.10027500241994858selu,ftrl,categorical_crossentropy,500,5000,0.0001,False,True
,2.302523612976074,2.302523612976074,0.09987500309944153,0.09987500309944153softmax,nadam,categorical_crossentropy,500,1000,0.0001,True,False
,2.304123878479004,2.304123878479004,0.10007499903440475,0.10007499903440475softplus,adam,categorical_crossentropy,500,1000,0.0001,False,True
,2.066589593887329,2.066589593887329,0.1819249987602234,0.1819249987602234hard_sigmoid,adam,categorical_crossentropy,500,1000,0.0001,True,True
,2.3026018142700195,2.3026018142700195,0.10112500190734863,0.10112500190734863softsign,nadam,categorical_crossentropy,500,5000,0.0001,True,False
,2.3474807739257812,2.3474807739257812,0.10050000250339508,0.10050000250339508linear,adagrad,categorical_crossentropy,500,1000,0.0001,True,True
,2.2661757469177246,2.2661757469177246,0.14617499709129333,0.14617499709129333hard_sigmoid,adam,categorical_crossentropy,500,5000,0.0001,False,True
,2.3025739192962646,2.3025739192962646,0.10122500360012054,0.10122500360012054softmax,adamax,categorical_crossentropy,500,5000,0.0001,False,True
,2.351104497909546,2.351104497909546,0.10050000250339508,0.10050000250339508selu,nadam,categorical_crossentropy,500,5000,0.0001,True,True
,2.200692892074585,2.200692892074585,0.16779999434947968,0.16779999434947968tanh,adam,categorical_crossentropy,500,1000,0.0001,True,False
,2.3052916526794434,2.3052916526794434,0.09965000301599503,0.09965000301599503sigmoid,adadelta,categorical_crossentropy,500,5000,0.0001,False,True
,2.309725284576416,2.309725284576416,0.10050000250339508,0.10050000250339508softmax,ftrl,categorical_crossentropy,500,5000,0.0001,False,True
,2.302583694458008,2.302583694458008,0.09992499649524689,0.09992499649524689elu,adam,categorical_crossentropy,500,5000,0.0001,True,True
,2.2385151386260986,2.2385151386260986,0.14980000257492065,0.14980000257492065linear,rmsprop,categorical_crossentropy,500,5000,0.0001,True,True
,2.195641279220581,2.195641279220581,0.17319999635219574,0.17319999635219574relu,adam,categorical_crossentropy,500,1000,0.0001,True,False
,2.3026161193847656,2.3026161193847656,0.10119999945163727,0.10119999945163727softsign,adadelta,categorical_crossentropy,500,5000,0.0001,True,True
,2.331385850906372,2.331385850906372,0.09960000216960907,0.09960000216960907tanh,nadam,categorical_crossentropy,500,1000,0.0001,False,False
,2.302940607070923,2.302940607070923,0.10050000250339508,0.10050000250339508softmax,ftrl,categorical_crossentropy,500,1000,0.0001,True,True
,2.3025848865509033,2.3025848865509033,0.09960000216960907,0.09960000216960907elu,adagrad,categorical_crossentropy,500,5000,0.0001,True,True
,2.293280839920044,2.293280839920044,0.13107499480247498,0.13107499480247498hard_sigmoid,adamax,categorical_crossentropy,500,5000,0.0001,False,True
,2.2818171977996826,2.2818171977996826,0.11089999973773956,0.11089999973773956selu,adagrad,categorical_crossentropy,500,1000,0.0001,False,False
,2.5616908073425293,2.5616908073425293,0.09965000301599503,0.09965000301599503linear,rmsprop,categorical_crossentropy,500,1000,0.0001,False,True
,2.0639829635620117,2.0639829635620117,0.18854999542236328,0.18854999542236328elu,nadam,categorical_crossentropy,500,1000,0.0001,True,False
,2.310588836669922,2.310588836669922,0.10057500004768372,0.10057500004768372softmax,adadelta,categorical_crossentropy,500,1000,0.0001,True,False
,2.4316999912261963,2.4316999912261963,0.09965000301599503,0.09965000301599503softsign,adadelta,categorical_crossentropy,500,1000,0.0001,False,True
,2.285853624343872,2.285853624343872,0.11524999886751175,0.11524999886751175softsign,rmsprop,categorical_crossentropy,500,5000,0.0001,False,True
,2.2254116535186768,2.2254116535186768,0.16394999623298645,0.16394999623298645sigmoid,rmsprop,categorical_crossentropy,500,5000,0.0001,True,False
,2.302583932876587,2.302583932876587,0.10119999945163727,0.10119999945163727softplus,sgd,categorical_crossentropy,500,5000,0.0001,True,False
,2.302582263946533,2.302582263946533,0.10119999945163727,0.10119999945163727softmax,adagrad,categorical_crossentropy,500,5000,0.0001,False,True
,2.3731915950775146,2.3731915950775146,0.10119999945163727,0.10119999945163727tanh,ftrl,categorical_crossentropy,500,1000,0.0001,False,False
,2.2758140563964844,2.2758140563964844,0.1691499948501587,0.1691499948501587relu,adadelta,categorical_crossentropy,500,5000,0.0001,False,False
,8.225069046020508,8.225069046020508,0.09907499700784683,0.09907499700784683softmax,sgd,categorical_crossentropy,500,5000,0.0001,False,True
,2.3512253761291504,2.3512253761291504,0.10050000250339508,0.10050000250339508softsign,sgd,categorical_crossentropy,500,1000,0.0001,False,False
,2.310758352279663,2.310758352279663,0.10007499903440475,0.10007499903440475softmax,nadam,categorical_crossentropy,500,5000,0.0001,True,True
,2.321838617324829,2.321838617324829,0.10119999945163727,0.10119999945163727selu,rmsprop,categorical_crossentropy,500,1000,0.0001,False,False
,2.3036036491394043,2.3036036491394043,0.09934999793767929,0.09934999793767929softplus,ftrl,categorical_crossentropy,500,5000,0.0001,False,False
,2.302584648132324,2.302584648132324,0.10119999945163727,0.10119999945163727softmax,adam,categorical_crossentropy,500,1000,0.0001,False,False
,2.3042306900024414,2.3042306900024414,0.09992499649524689,0.09992499649524689relu,nadam,categorical_crossentropy,500,5000,0.0001,True,False
,2.3033440113067627,2.3033440113067627,0.10119999945163727,0.10119999945163727tanh,adamax,categorical_crossentropy,500,1000,0.0001,True,True
,2.256486415863037,2.256486415863037,0.13097499310970306,0.13097499310970306softplus,adagrad,categorical_crossentropy,500,5000,0.0001,True,False
,2.3404603004455566,2.3404603004455566,0.10022500157356262,0.10022500157356262softmax,nadam,categorical_crossentropy,500,1000,0.0001,False,True
,2.3038430213928223,2.3038430213928223,0.10119999945163727,0.10119999945163727tanh,rmsprop,categorical_crossentropy,500,1000,0.0001,False,True
,2.07698392868042,2.07698392868042,0.1726749986410141,0.1726749986410141softplus,adam,categorical_crossentropy,500,1000,0.0001,True,False
,2.3026092052459717,2.3026092052459717,0.10119999945163727,0.10119999945163727hard_sigmoid,adam,categorical_crossentropy,500,1000,0.0001,False,False
,2.3044514656066895,2.3044514656066895,0.09965000301599503,0.09965000301599503elu,adam,categorical_crossentropy,500,1000,0.0001,False,True
,2.06597900390625,2.06597900390625,0.17994999885559082,0.17994999885559082hard_sigmoid,ftrl,categorical_crossentropy,500,1000,0.0001,False,False
,2.3025829792022705,2.3025829792022705,0.10119999945163727,0.10119999945163727linear,nadam,categorical_crossentropy,500,1000,0.0001,True,False
,13.43041706085205,13.43041706085205,0.10477499663829803,0.10477499663829803elu,adamax,categorical_crossentropy,500,1000,0.0001,True,False
,2.3380348682403564,2.3380348682403564,0.09939999878406525,0.09939999878406525linear,adagrad,categorical_crossentropy,500,1000,0.0001,False,False
,13.864882469177246,13.864882469177246,0.1091499999165535,0.1091499999165535softmax,adamax,categorical_crossentropy,500,5000,0.0001,True,False
,2.355367660522461,2.355367660522461,0.10057500004768372,0.10057500004768372sigmoid,adam,categorical_crossentropy,500,1000,0.0001,True,False
,2.3026161193847656,2.3026161193847656,0.10119999945163727,0.10119999945163727softmax,adagrad,categorical_crossentropy,500,1000,0.0001,True,True
,2.342867612838745,2.342867612838745,0.09965000301599503,0.09965000301599503sigmoid,adadelta,categorical_crossentropy,500,5000,0.0001,True,False
,2.302527904510498,2.302527904510498,0.09884999692440033,0.09884999692440033softplus,nadam,categorical_crossentropy,500,5000,0.0001,False,True
,2.1976723670959473,2.1976723670959473,0.16795000433921814,0.16795000433921814softmax,ftrl,categorical_crossentropy,500,5000,0.0001,True,False
,2.302584171295166,2.302584171295166,0.10050000250339508,0.10050000250339508sigmoid,adamax,categorical_crossentropy,500,1000,0.0001,False,False
,2.302586793899536,2.302586793899536,0.10119999945163727,0.10119999945163727linear,rmsprop,categorical_crossentropy,500,5000,0.0001,False,False
,87.32621002197266,87.32621002197266,0.10707499831914902,0.10707499831914902relu,adam,categorical_crossentropy,500,1000,0.0001,False,True
,2.302616596221924,2.302616596221924,0.10119999945163727,0.10119999945163727softsign,adadelta,categorical_crossentropy,500,5000,0.0001,False,False
,2.3243627548217773,2.3243627548217773,0.10947500169277191,0.10947500169277191tanh,nadam,categorical_crossentropy,500,1000,0.0001,True,True
,2.165884017944336,2.165884017944336,0.17155000567436218,0.17155000567436218hard_sigmoid,nadam,categorical_crossentropy,500,5000,0.0001,True,False
,2.3026018142700195,2.3026018142700195,0.10125000029802322,0.10125000029802322hard_sigmoid,adamax,categorical_crossentropy,500,5000,0.0001,True,False
,2.3028788566589355,2.3028788566589355,0.10057500004768372,0.10057500004768372selu,adamax,categorical_crossentropy,500,5000,0.0001,True,True
,2.2351231575012207,2.2351231575012207,0.15002499520778656,0.15002499520778656selu,adagrad,categorical_crossentropy,500,1000,0.0001,True,True
,2.2790029048919678,2.2790029048919678,0.1421249955892563,0.1421249955892563sigmoid,nadam,categorical_crossentropy,500,5000,0.0001,True,True
,2.246640205383301,2.246640205383301,0.1511249989271164,0.1511249989271164softsign,rmsprop,categorical_crossentropy,500,5000,0.0001,True,False
,2.2616631984710693,2.2616631984710693,0.14687499403953552,0.14687499403953552softplus,sgd,categorical_crossentropy,500,5000,0.0001,False,True
,2.301921844482422,2.301921844482422,0.0957999974489212,0.0957999974489212hard_sigmoid,adadelta,categorical_crossentropy,500,5000,0.0001,False,True
,2.310504674911499,2.310504674911499,0.09960000216960907,0.09960000216960907sigmoid,rmsprop,categorical_crossentropy,500,5000,0.0001,False,True
,2.2786145210266113,2.2786145210266113,0.14640000462532043,0.14640000462532043softsign,adagrad,categorical_crossentropy,500,1000,0.0001,False,False
,2.3576459884643555,2.3576459884643555,0.10007499903440475,0.10007499903440475relu,sgd,categorical_crossentropy,500,5000,0.0001,False,True
,2.302534341812134,2.302534341812134,0.10157500207424164,0.10157500207424164relu,adadelta,categorical_crossentropy,500,5000,0.0001,True,True
,2.474914073944092,2.474914073944092,0.09962499886751175,0.09962499886751175sigmoid,sgd,categorical_crossentropy,500,5000,0.0001,False,False
,2.345750093460083,2.345750093460083,0.09989999979734421,0.09989999979734421softplus,rmsprop,categorical_crossentropy,500,5000,0.0001,False,False
,2.3025975227355957,2.3025975227355957,0.10119999945163727,0.10119999945163727elu,sgd,categorical_crossentropy,500,1000,0.0001,True,False
,2.3077218532562256,2.3077218532562256,0.0994499996304512,0.0994499996304512relu,nadam,categorical_crossentropy,500,1000,0.0001,True,True
,2.3026139736175537,2.3026139736175537,0.10042499750852585,0.10042499750852585softmax,sgd,categorical_crossentropy,500,5000,0.0001,True,False
,2.3581883907318115,2.3581883907318115,0.10119999945163727,0.10119999945163727softsign,nadam,categorical_crossentropy,500,1000,0.0001,False,True
,2.1054739952087402,2.1054739952087402,0.17100000381469727,0.17100000381469727softmax,nadam,categorical_crossentropy,500,5000,0.0001,False,False
,2.3373496532440186,2.3373496532440186,0.10007499903440475,0.10007499903440475selu,rmsprop,categorical_crossentropy,500,1000,0.0001,True,True
,2.1511518955230713,2.1511518955230713,0.16987499594688416,0.16987499594688416relu,nadam,categorical_crossentropy,500,5000,0.0001,False,True
,2.302586317062378,2.302586317062378,0.10119999945163727,0.10119999945163727tanh,adamax,categorical_crossentropy,500,1000,0.0001,False,False
,2.310354232788086,2.310354232788086,0.10007499903440475,0.10007499903440475elu,rmsprop,categorical_crossentropy,500,1000,0.0001,False,True
,2.0777792930603027,2.0777792930603027,0.18729999661445618,0.18729999661445618tanh,rmsprop,categorical_crossentropy,500,1000,0.0001,True,False
,2.302727222442627,2.302727222442627,0.10042499750852585,0.10042499750852585elu,adamax,categorical_crossentropy,500,5000,0.0001,True,True
,2.2625508308410645,2.2625508308410645,0.14892500638961792,0.14892500638961792relu,rmsprop,categorical_crossentropy,500,5000,0.0001,True,False
,2.3029303550720215,2.3029303550720215,0.10122500360012054,0.10122500360012054hard_sigmoid,rmsprop,categorical_crossentropy,500,5000,0.0001,True,False
,2.3025929927825928,2.3025929927825928,0.10119999945163727,0.10119999945163727elu,adam,categorical_crossentropy,500,1000,0.0001,True,False
,2.3096892833709717,2.3096892833709717,0.10050000250339508,0.10050000250339508hard_sigmoid,ftrl,categorical_crossentropy,500,1000,0.0001,True,True
,2.3025825023651123,2.3025825023651123,0.10119999945163727,0.10119999945163727sigmoid,adam,categorical_crossentropy,500,5000,0.0001,True,True
,2.301619291305542,2.301619291305542,0.1091499999165535,0.1091499999165535tanh,adagrad,categorical_crossentropy,500,5000,0.0001,False,False
,2.369765043258667,2.369765043258667,0.10050000250339508,0.10050000250339508selu,ftrl,categorical_crossentropy,500,1000,0.0001,True,False
,2.50897479057312,2.50897479057312,0.0994499996304512,0.0994499996304512linear,nadam,categorical_crossentropy,500,1000,0.0001,False,True
,2.0567171573638916,2.0567171573638916,0.1895499974489212,0.1895499974489212elu,adamax,categorical_crossentropy,500,1000,0.0001,False,True
,2.067897319793701,2.067897319793701,0.19134999811649323,0.19134999811649323tanh,nadam,categorical_crossentropy,500,5000,0.0001,False,True
,2.2032673358917236,2.2032673358917236,0.1661749929189682,0.1661749929189682softmax,rmsprop,categorical_crossentropy,500,1000,0.0001,True,False
,2.3026912212371826,2.3026912212371826,0.0979750007390976,0.0979750007390976sigmoid,adam,categorical_crossentropy,500,1000,0.0001,False,True
,2.1412785053253174,2.1412785053253174,0.1720000058412552,0.1720000058412552selu,sgd,categorical_crossentropy,500,1000,0.0001,True,False
,2.310990571975708,2.310990571975708,0.10119999945163727,0.10119999945163727softmax,adagrad,categorical_crossentropy,500,1000,0.0001,False,False
,2.368438482284546,2.368438482284546,0.09965000301599503,0.09965000301599503softplus,nadam,categorical_crossentropy,500,5000,0.0001,True,False
,2.3025898933410645,2.3025898933410645,0.10119999945163727,0.10119999945163727sigmoid,adamax,categorical_crossentropy,500,1000,0.0001,True,True
,2.3028292655944824,2.3028292655944824,0.09837500005960464,0.09837500005960464linear,ftrl,categorical_crossentropy,500,5000,0.0001,False,True
,2.3025848865509033,2.3025848865509033,0.10119999945163727,0.10119999945163727selu,nadam,categorical_crossentropy,500,1000,0.0001,False,False
,2.3054494857788086,2.3054494857788086,0.10050000250339508,0.10050000250339508tanh,adadelta,categorical_crossentropy,500,5000,0.0001,True,True
,2.3333351612091064,2.3333351612091064,0.09925000369548798,0.09925000369548798hard_sigmoid,adagrad,categorical_crossentropy,500,5000,0.0001,True,False
,2.297243595123291,2.297243595123291,0.09910000115633011,0.09910000115633011softplus,adadelta,categorical_crossentropy,500,5000,0.0001,True,True
,2.3336341381073,2.3336341381073,0.09992499649524689,0.09992499649524689hard_sigmoid,nadam,categorical_crossentropy,500,5000,0.0001,False,True
,2.1813435554504395,2.1813435554504395,0.1675499975681305,0.1675499975681305selu,adamax,categorical_crossentropy,500,5000,0.0001,False,False
,2.470208168029785,2.470208168029785,0.10057500004768372,0.10057500004768372sigmoid,ftrl,categorical_crossentropy,500,5000,0.0001,False,False
,2.302584648132324,2.302584648132324,0.10119999945163727,0.10119999945163727softsign,sgd,categorical_crossentropy,500,5000,0.0001,True,True
,2.2974183559417725,2.2974183559417725,0.10055000334978104,0.10055000334978104softsign,adamax,categorical_crossentropy,500,5000,0.0001,True,False
,2.340785264968872,2.340785264968872,0.0994499996304512,0.0994499996304512sigmoid,nadam,categorical_crossentropy,500,5000,0.0001,False,False
,2.3025875091552734,2.3025875091552734,0.10119999945163727,0.10119999945163727elu,sgd,categorical_crossentropy,500,5000,0.0001,True,True
,2.2590832710266113,2.2590832710266113,0.13147500157356262,0.13147500157356262hard_sigmoid,adadelta,categorical_crossentropy,500,5000,0.0001,True,False
,2.328763961791992,2.328763961791992,0.1005999967455864,0.1005999967455864softsign,adagrad,categorical_crossentropy,500,1000,0.0001,True,True
,2.24047589302063,2.24047589302063,0.14730000495910645,0.14730000495910645relu,sgd,categorical_crossentropy,500,5000,0.0001,True,False
,2.3025832176208496,2.3025832176208496,0.10119999945163727,0.10119999945163727softplus,rmsprop,categorical_crossentropy,500,5000,0.0001,True,True
,2.2511274814605713,2.2511274814605713,0.14720000326633453,0.14720000326633453sigmoid,sgd,categorical_crossentropy,500,5000,0.0001,True,True
,2.309091091156006,2.309091091156006,0.10007499903440475,0.10007499903440475elu,ftrl,categorical_crossentropy,500,1000,0.0001,True,False
,2.3025882244110107,2.3025882244110107,0.10119999945163727,0.10119999945163727elu,sgd,categorical_crossentropy,500,1000,0.0001,False,True
,2.123077392578125,2.123077392578125,0.1690250039100647,0.1690250039100647relu,nadam,categorical_crossentropy,500,1000,0.0001,False,False
,2.302608013153076,2.302608013153076,0.10119999945163727,0.10119999945163727softplus,adamax,categorical_crossentropy,500,1000,0.0001,True,True
,2.1990041732788086,2.1990041732788086,0.16940000653266907,0.16940000653266907hard_sigmoid,ftrl,categorical_crossentropy,500,5000,0.0001,False,True
,2.302584648132324,2.302584648132324,0.10119999945163727,0.10119999945163727tanh,sgd,categorical_crossentropy,500,5000,0.0001,True,False
,2.3590545654296875,2.3590545654296875,0.10140000283718109,0.10140000283718109softsign,nadam,categorical_crossentropy,500,1000,0.0001,True,False
,2.30307674407959,2.30307674407959,0.09937500208616257,0.09937500208616257linear,adam,categorical_crossentropy,500,1000,0.0001,True,False
,5.396152973175049,5.396152973175049,0.09587500244379044,0.09587500244379044elu,rmsprop,categorical_crossentropy,500,1000,0.0001,True,False
,2.30269193649292,2.30269193649292,0.09955000132322311,0.09955000132322311selu,adam,categorical_crossentropy,500,1000,0.0001,False,False
,2.338460922241211,2.338460922241211,0.09965000301599503,0.09965000301599503relu,adamax,categorical_crossentropy,500,5000,0.0001,False,False
,2.302574634552002,2.302574634552002,0.10119999945163727,0.10119999945163727selu,adadelta,categorical_crossentropy,500,1000,0.0001,True,False
,2.602282762527466,2.602282762527466,0.10050000250339508,0.10050000250339508elu,adamax,categorical_crossentropy,500,5000,0.0001,False,False
,2.3365511894226074,2.3365511894226074,0.10057500004768372,0.10057500004768372linear,adamax,categorical_crossentropy,500,1000,0.0001,False,False
,10.681254386901855,10.681254386901855,0.10785000026226044,0.10785000026226044relu,rmsprop,categorical_crossentropy,500,5000,0.0001,False,True
,2.2949118614196777,2.2949118614196777,0.09677500277757645,0.09677500277757645hard_sigmoid,rmsprop,categorical_crossentropy,500,5000,0.0001,False,True
,2.302565097808838,2.302565097808838,0.10087499767541885,0.10087499767541885softplus,adagrad,categorical_crossentropy,500,1000,0.0001,False,True
,2.2854905128479004,2.2854905128479004,0.1363999992609024,0.1363999992609024sigmoid,adam,categorical_crossentropy,500,5000,0.0001,False,False
,2.3025784492492676,2.3025784492492676,0.10119999945163727,0.10119999945163727tanh,adagrad,categorical_crossentropy,500,5000,0.0001,True,True
,2.2848873138427734,2.2848873138427734,0.14502499997615814,0.14502499997615814selu,ftrl,categorical_crossentropy,500,1000,0.0001,False,True
,2.302548885345459,2.302548885345459,0.10119999945163727,0.10119999945163727relu,adagrad,categorical_crossentropy,500,5000,0.0001,True,False
,2.307840585708618,2.307840585708618,0.10122500360012054,0.10122500360012054tanh,nadam,categorical_crossentropy,500,5000,0.0001,True,False
,2.34660005569458,2.34660005569458,0.10050000250339508,0.10050000250339508relu,adam,categorical_crossentropy,500,5000,0.0001,True,False
,2.3025827407836914,2.3025827407836914,0.10119999945163727,0.10119999945163727softmax,rmsprop,categorical_crossentropy,500,1000,0.0001,False,True
,2.302668571472168,2.302668571472168,0.09735000133514404,0.09735000133514404softsign,adam,categorical_crossentropy,500,5000,0.0001,False,False
,2.3321213722229004,2.3321213722229004,0.0994499996304512,0.0994499996304512linear,nadam,categorical_crossentropy,500,5000,0.0001,True,True
,2.2266087532043457,2.2266087532043457,0.16015000641345978,0.16015000641345978selu,sgd,categorical_crossentropy,500,1000,0.0001,False,True
,2.1506729125976562,2.1506729125976562,0.16977499425411224,0.16977499425411224tanh,adam,categorical_crossentropy,500,5000,0.0001,False,True
,2.120368719100952,2.120368719100952,0.17807500064373016,0.17807500064373016linear,ftrl,categorical_crossentropy,500,5000,0.0001,True,False
,23.600358963012695,23.600358963012695,0.10522499680519104,0.10522499680519104hard_sigmoid,sgd,categorical_crossentropy,500,5000,0.0001,False,False
,2.302825689315796,2.302825689315796,0.10102500021457672,0.10102500021457672selu,nadam,categorical_crossentropy,500,1000,0.0001,True,True
,2.1612231731414795,2.1612231731414795,0.17364999651908875,0.17364999651908875tanh,adadelta,categorical_crossentropy,500,5000,0.0001,False,False
,2.3758835792541504,2.3758835792541504,0.1020750030875206,0.1020750030875206hard_sigmoid,adagrad,categorical_crossentropy,500,5000,0.0001,False,True
,2.258071184158325,2.258071184158325,0.16032500565052032,0.16032500565052032sigmoid,ftrl,categorical_crossentropy,500,1000,0.0001,False,True
,2.302581787109375,2.302581787109375,0.10119999945163727,0.10119999945163727softplus,adadelta,categorical_crossentropy,500,5000,0.0001,False,False
,3.4336867332458496,3.4336867332458496,0.09995000064373016,0.09995000064373016softplus,rmsprop,categorical_crossentropy,500,1000,0.0001,False,True
,2.0661861896514893,2.0661861896514893,0.19200000166893005,0.19200000166893005sigmoid,sgd,categorical_crossentropy,500,1000,0.0001,False,True
,2.253464698791504,2.253464698791504,0.15365000069141388,0.15365000069141388elu,adagrad,categorical_crossentropy,500,1000,0.0001,False,False
,2.3350372314453125,2.3350372314453125,0.09962499886751175,0.09962499886751175sigmoid,ftrl,categorical_crossentropy,500,5000,0.0001,True,True
,2.3025851249694824,2.3025851249694824,0.09965000301599503,0.09965000301599503softsign,sgd,categorical_crossentropy,500,5000,0.0001,False,False
,2.3760054111480713,2.3760054111480713,0.09955000132322311,0.09955000132322311softsign,adamax,categorical_crossentropy,500,5000,0.0001,False,True
,2.2409262657165527,2.2409262657165527,0.15997500717639923,0.15997500717639923elu,sgd,categorical_crossentropy,500,5000,0.0001,False,False
,2.3958516120910645,2.3958516120910645,0.09992499649524689,0.09992499649524689linear,sgd,categorical_crossentropy,500,1000,0.0001,False,False
,nan,nan,0.09910000115633011,0.09910000115633011elu,adadelta,categorical_crossentropy,500,1000,0.0001,True,False
,4.189308166503906,4.189308166503906,0.09960000216960907,0.09960000216960907elu,ftrl,categorical_crossentropy,500,1000,0.0001,False,True
,2.3024535179138184,2.3024535179138184,0.12337499856948853,0.12337499856948853relu,rmsprop,categorical_crossentropy,500,1000,0.0001,True,True
,2.2435688972473145,2.2435688972473145,0.14322499930858612,0.14322499930858612linear,adam,categorical_crossentropy,500,5000,0.0001,True,True
,2.2082693576812744,2.2082693576812744,0.15952500700950623,0.15952500700950623softplus,adamax,categorical_crossentropy,500,1000,0.0001,False,False
,2.3025901317596436,2.3025901317596436,0.10119999945163727,0.10119999945163727hard_sigmoid,ftrl,categorical_crossentropy,500,5000,0.0001,True,False
,2.301417112350464,2.301417112350464,0.10502500087022781,0.10502500087022781tanh,sgd,categorical_crossentropy,500,5000,0.0001,False,True
,2.24210262298584,2.24210262298584,0.15972499549388885,0.15972499549388885softsign,ftrl,categorical_crossentropy,500,5000,0.0001,True,False
,2.2975502014160156,2.2975502014160156,0.1576250046491623,0.1576250046491623relu,adadelta,categorical_crossentropy,500,1000,0.0001,False,False
,2.3300747871398926,2.3300747871398926,0.10119999945163727,0.10119999945163727selu,ftrl,categorical_crossentropy,500,5000,0.0001,True,True
,2.3025827407836914,2.3025827407836914,0.10119999945163727,0.10119999945163727linear,adam,categorical_crossentropy,500,1000,0.0001,False,True
,2.037799119949341,2.037799119949341,0.194350004196167,0.194350004196167sigmoid,adagrad,categorical_crossentropy,500,5000,0.0001,True,False
,2.3028736114501953,2.3028736114501953,0.10029999911785126,0.10029999911785126selu,adam,categorical_crossentropy,500,1000,0.0001,True,True
,2.1936919689178467,2.1936919689178467,0.149399995803833,0.149399995803833relu,adamax,categorical_crossentropy,500,5000,0.0001,True,True
,2.302579879760742,2.302579879760742,0.10119999945163727,0.10119999945163727selu,adadelta,categorical_crossentropy,500,1000,0.0001,False,True
,2.294956922531128,2.294956922531128,0.1215749979019165,0.1215749979019165linear,adamax,categorical_crossentropy,500,1000,0.0001,True,True
,2.2353646755218506,2.2353646755218506,0.15234999358654022,0.15234999358654022hard_sigmoid,adam,categorical_crossentropy,500,5000,0.0001,True,True
,2.263921022415161,2.263921022415161,0.14412499964237213,0.14412499964237213softplus,adagrad,categorical_crossentropy,500,1000,0.0001,True,False
,2.3039286136627197,2.3039286136627197,0.10125000029802322,0.10125000029802322selu,nadam,categorical_crossentropy,500,5000,0.0001,False,True
,2.1455726623535156,2.1455726623535156,0.16967499256134033,0.16967499256134033linear,adadelta,categorical_crossentropy,500,1000,0.0001,False,False
,43.18648910522461,43.18648910522461,0.08865000307559967,0.08865000307559967relu,adagrad,categorical_crossentropy,500,5000,0.0001,False,True
,2.3025810718536377,2.3025810718536377,0.10119999945163727,0.10119999945163727relu,adam,categorical_crossentropy,500,5000,0.0001,False,True
,2.3025777339935303,2.3025777339935303,0.10119999945163727,0.10119999945163727softmax,adadelta,categorical_crossentropy,500,5000,0.0001,False,False
,2.3740389347076416,2.3740389347076416,0.10119999945163727,0.10119999945163727softsign,adam,categorical_crossentropy,500,5000,0.0001,True,True
,2.2375917434692383,2.2375917434692383,0.14902499318122864,0.14902499318122864elu,adam,categorical_crossentropy,500,5000,0.0001,False,True
,2.1870291233062744,2.1870291233062744,0.1582999974489212,0.1582999974489212relu,ftrl,categorical_crossentropy,500,1000,0.0001,False,False
,2.306419610977173,2.306419610977173,0.10125000029802322,0.10125000029802322linear,nadam,categorical_crossentropy,500,5000,0.0001,False,False
,26.327144622802734,26.327144622802734,0.11422500014305115,0.11422500014305115tanh,adam,categorical_crossentropy,500,5000,0.0001,True,False
,2.3494691848754883,2.3494691848754883,0.09965000301599503,0.09965000301599503softmax,ftrl,categorical_crossentropy,500,1000,0.0001,False,True
,2.3025972843170166,2.3025972843170166,0.09937500208616257,0.09937500208616257elu,adagrad,categorical_crossentropy,500,5000,0.0001,False,True
,2.26754093170166,2.26754093170166,0.15117500722408295,0.15117500722408295hard_sigmoid,sgd,categorical_crossentropy,500,5000,0.0001,True,True
,2.305481433868408,2.305481433868408,0.09995000064373016,0.09995000064373016sigmoid,ftrl,categorical_crossentropy,500,1000,0.0001,True,False
,2.294640064239502,2.294640064239502,0.15837499499320984,0.15837499499320984softplus,rmsprop,categorical_crossentropy,500,1000,0.0001,True,False
,2.3026113510131836,2.3026113510131836,0.10042499750852585,0.10042499750852585sigmoid,sgd,categorical_crossentropy,500,1000,0.0001,True,False
,2.2962818145751953,2.2962818145751953,0.10350000113248825,0.10350000113248825linear,rmsprop,categorical_crossentropy,500,1000,0.0001,True,True
,2.1692943572998047,2.1692943572998047,0.16599999368190765,0.16599999368190765selu,rmsprop,categorical_crossentropy,500,5000,0.0001,False,False
,2.531792163848877,2.531792163848877,0.09992499649524689,0.09992499649524689softsign,adadelta,categorical_crossentropy,500,1000,0.0001,True,True
,2.2921273708343506,2.2921273708343506,0.1353749930858612,0.1353749930858612softplus,ftrl,categorical_crossentropy,500,1000,0.0001,True,False
,2.345877170562744,2.345877170562744,0.10112500190734863,0.10112500190734863softmax,adagrad,categorical_crossentropy,500,5000,0.0001,True,True
,2.3809690475463867,2.3809690475463867,0.10007499903440475,0.10007499903440475elu,adagrad,categorical_crossentropy,500,1000,0.0001,True,True
,2.2759475708007812,2.2759475708007812,0.14480000734329224,0.14480000734329224sigmoid,adamax,categorical_crossentropy,500,5000,0.0001,False,False
,2.302572727203369,2.302572727203369,0.10119999945163727,0.10119999945163727selu,adagrad,categorical_crossentropy,500,5000,0.0001,False,False
,2.4520788192749023,2.4520788192749023,0.10057500004768372,0.10057500004768372linear,sgd,categorical_crossentropy,500,1000,0.0001,True,True
,2.191089153289795,2.191089153289795,0.1579750031232834,0.1579750031232834sigmoid,rmsprop,categorical_crossentropy,500,1000,0.0001,True,False
,2.3026113510131836,2.3026113510131836,0.10042499750852585,0.10042499750852585softplus,sgd,categorical_crossentropy,500,1000,0.0001,True,False
,2.302582263946533,2.302582263946533,0.10119999945163727,0.10119999945163727elu,adadelta,categorical_crossentropy,500,1000,0.0001,False,True
,2.2994167804718018,2.2994167804718018,0.11287499964237213,0.11287499964237213relu,rmsprop,categorical_crossentropy,500,1000,0.0001,False,False
,2.3026113510131836,2.3026113510131836,0.10042499750852585,0.10042499750852585